file,class,type,cbo,cboModified,fanin,fanout,wmc,dit,noc,rfc,lcom,lcom*,tcc,lcc,totalMethodsQty,staticMethodsQty,publicMethodsQty,privateMethodsQty,protectedMethodsQty,defaultMethodsQty,visibleMethodsQty,abstractMethodsQty,finalMethodsQty,synchronizedMethodsQty,totalFieldsQty,staticFieldsQty,publicFieldsQty,privateFieldsQty,protectedFieldsQty,defaultFieldsQty,finalFieldsQty,synchronizedFieldsQty,nosi,loc,returnQty,loopQty,comparisonsQty,tryCatchQty,parenthesizedExpsQty,stringLiteralsQty,numbersQty,assignmentsQty,mathOperationsQty,variablesQty,maxNestedBlocksQty,anonymousClassesQty,innerClassesQty,lambdasQty,uniqueWordsQty,modifiers,logStatementsQty
C:\Users\abhi\Downloads\Files\react_native_datePicker\react_native_date_picker\android\src\main\java\com\henninghall\date_picker\props\HeightProp.java,com.henninghall.date_picker.props.HeightProp,class,2,3,1,2,1,2,0,1,0,1,NaN,NaN,1,0,1,0,0,0,1,0,0,0,1,1,1,0,0,0,1,0,0,6,1,0,0,0,0,1,0,1,0,1,0,0,0,0,8,1,0
C:\Users\abhi\Downloads\Files\react_native_datePicker\react_native_date_picker\android\src\main\java\com\henninghall\date_picker\HourDisplayBugWorkaround.java,com.henninghall.date_picker.HourDisplayBugWorkaround,class,2,4,2,2,6,1,0,3,6,0.75,0,0,4,0,2,2,0,0,2,0,0,0,1,0,0,1,0,0,1,0,0,17,5,0,1,0,0,2,1,1,1,1,1,0,0,0,61,1,0
C:\Users\abhi\Downloads\Files\react_native_datePicker\react_native_date_picker\android\src\main\java\com\henninghall\date_picker\generated\NumberPicker.java,com.henninghall.date_picker.generated.NumberPicker$SetSelectionCommand,innerclass,1,1,0,1,6,1,0,3,0,0.3125,1,1,4,0,4,0,0,0,4,0,0,0,4,0,0,4,0,0,1,0,0,27,0,0,0,0,0,0,0,6,0,4,1,0,0,0,25,10,0
C:\Users\abhi\Downloads\Files\react_native_datePicker\react_native_date_picker\android\src\main\java\com\henninghall\date_picker\Emitter.java,com.henninghall.date_picker.Emitter,class,8,12,4,8,8,1,0,10,15,0,0,0,6,6,4,2,0,0,4,0,0,0,0,0,0,0,0,0,0,0,7,43,2,0,0,0,0,14,0,5,0,5,1,0,0,0,22,1,0
C:\Users\abhi\Downloads\Files\react_native_datePicker\react_native_date_picker\examples\Rn069\android\app\src\main\java\com\rn069\newarchitecture\MainApplicationReactNativeHost.java,com.rn069.newarchitecture.MainApplicationReactNativeHost$Anonymous1$Anonymous2,anonymous,8,8,0,8,2,1,0,4,1,0,0,0,2,0,2,0,0,0,2,0,0,0,0,0,0,0,0,0,0,0,1,13,2,0,0,0,0,0,0,3,0,3,0,0,0,0,20,-1,0
C:\Users\abhi\Downloads\Files\react_native_datePicker\react_native_date_picker\android\src\main\java\com\henninghall\date_picker\wheelFunctions\AddOnChangeListener.java,com.henninghall.date_picker.wheelFunctions.AddOnChangeListener$Anonymous1,anonymous,1,1,0,1,2,1,0,2,1,0,0,0,2,0,2,0,0,0,2,0,0,0,0,0,0,0,0,0,0,0,0,8,0,0,0,0,0,0,0,0,0,0,0,0,0,0,6,-1,0
C:\Users\abhi\Downloads\Files\react_native_datePicker\react_native_date_picker\examples\Rn069\android\app\src\main\java\com\rn069\newarchitecture\modules\MainApplicationTurboModuleManagerDelegate.java,com.rn069.newarchitecture.modules.MainApplicationTurboModuleManagerDelegate,class,5,6,1,5,5,3,0,1,6,0.75,0,0,4,0,0,0,3,1,4,0,0,1,1,1,0,1,0,0,0,0,0,19,0,0,0,0,0,1,0,1,0,1,1,0,1,0,67,1,0
C:\Users\abhi\Downloads\Files\react_native_datePicker\react_native_date_picker\android\src\main\java\com\henninghall\date_picker\State.java,com.henninghall.date_picker.State$Anonymous1,anonymous,0,0,0,0,1,1,0,1,0,0,NaN,NaN,0,0,0,0,0,0,1,0,0,0,0,0,0,0,0,0,0,0,0,16,0,0,0,0,0,0,0,0,0,0,0,0,0,0,1,-1,0
C:\Users\abhi\Downloads\Files\react_native_datePicker\react_native_date_picker\android\src\main\java\com\henninghall\date_picker\ui\Accessibility.java,com.henninghall.date_picker.ui.Accessibility,class,8,10,2,8,26,1,0,39,91,0.8,0.060606062,0.060606062,15,15,12,3,0,0,12,0,0,0,2,2,0,2,0,0,1,0,13,112,15,0,4,0,0,5,3,17,2,16,1,1,0,0,157,1,0
C:\Users\abhi\Downloads\Files\react_native_datePicker\react_native_date_picker\examples\Rn069\android\app\src\debug\java\com\rn069\ReactNativeFlipper.java,com.rn069.ReactNativeFlipper,class,12,12,0,12,3,1,0,8,0,0,NaN,NaN,1,1,1,0,0,0,1,0,0,0,0,0,0,0,0,0,0,0,0,39,0,0,1,0,0,0,0,3,0,3,2,2,0,0,22,1,0
C:\Users\abhi\Downloads\Files\react_native_datePicker\react_native_date_picker\android\src\main\java\com\henninghall\date_picker\wheels\MonthWheel.java,com.henninghall.date_picker.wheels.MonthWheel,class,4,5,1,4,8,2,0,6,15,0,0,0,6,0,6,0,0,0,6,0,0,0,0,0,0,0,0,0,0,0,1,27,5,1,1,0,0,1,4,3,0,3,1,0,0,0,21,1,0
C:\Users\abhi\Downloads\Files\react_native_datePicker\react_native_date_picker\android\src\main\java\com\henninghall\date_picker\DatePickerManagerImpl.java,com.henninghall.date_picker.DatePickerManagerImpl,class,7,9,2,7,13,1,0,13,34,0.8333334,0.035714287,0.035714287,9,8,7,1,1,0,8,0,0,0,2,2,0,0,0,2,2,0,3,47,4,1,1,1,0,4,3,9,0,8,2,0,0,0,59,1,0
C:\Users\abhi\Downloads\Files\react_native_datePicker\react_native_date_picker\android\src\main\java\com\henninghall\date_picker\wheelFunctions\TextColor.java,com.henninghall.date_picker.wheelFunctions.TextColor,class,3,4,1,3,2,1,0,1,0,0,1,1,2,0,2,0,0,0,2,0,0,0,1,0,0,1,0,0,1,0,0,9,0,0,0,0,0,0,0,1,0,1,0,0,0,0,7,1,0
C:\Users\abhi\Downloads\Files\react_native_datePicker\react_native_date_picker\android\src\main\java\com\henninghall\date_picker\Formats.java,com.henninghall.date_picker.Formats,class,4,7,3,4,3,3,0,4,1,0.75,NaN,NaN,2,2,1,1,0,0,1,0,0,0,2,2,1,1,0,0,0,0,1,147,2,0,0,1,0,5,0,2,0,2,1,2,2,0,17,1,0
C:\Users\abhi\Downloads\Files\react_native_datePicker\react_native_date_picker\android\src\main\java\com\henninghall\date_picker\ui\PickerWrapper.java,com.henninghall.date_picker.ui.PickerWrapper,class,2,3,1,2,4,1,0,4,0,0,1,1,4,0,0,0,0,4,4,0,0,0,1,0,0,1,0,0,1,0,0,16,0,0,0,0,0,0,0,1,0,1,0,0,0,0,13,0,0
C:\Users\abhi\Downloads\Files\react_native_datePicker\react_native_date_picker\android\src\main\java\com\henninghall\date_picker\generated\NumberPicker.java,com.henninghall.date_picker.generated.NumberPicker$ChangeCurrentByOneFromLongPressCommand,innerclass,1,1,0,1,2,1,0,2,0,0,NaN,NaN,2,0,1,1,0,0,1,0,0,0,1,0,0,1,0,0,0,0,0,10,0,0,0,0,0,0,0,1,0,1,0,0,0,0,27,0,0
C:\Users\abhi\Downloads\Files\react_native_datePicker\react_native_date_picker\android\src\main\java\com\henninghall\date_picker\DateBoundary.java,com.henninghall.date_picker.DateBoundary,class,1,1,0,1,3,1,0,2,0,0,1,1,2,0,0,0,1,1,2,0,0,0,1,0,0,1,0,0,0,0,2,11,2,0,1,0,0,0,0,2,0,2,1,0,0,0,9,1,0
C:\Users\abhi\Downloads\Files\react_native_datePicker\react_native_date_picker\android\src\main\java\com\henninghall\date_picker\ui\WheelChangeListener.java,com.henninghall.date_picker.ui.WheelChangeListener,interface,1,4,3,1,2,1,0,0,1,0,0,0,2,0,0,0,0,2,2,0,0,0,0,0,0,0,0,0,0,0,0,4,0,0,0,0,0,0,0,0,0,0,0,0,0,0,6,1,0
C:\Users\abhi\Downloads\Files\react_native_datePicker\react_native_date_picker\examples\Rn069\android\app\src\main\java\com\rn069\newarchitecture\modules\MainApplicationTurboModuleManagerDelegate.java,com.rn069.newarchitecture.modules.MainApplicationTurboModuleManagerDelegate$Builder,innerclass,4,4,0,4,1,2,0,0,0,0,NaN,NaN,1,0,0,0,1,0,1,0,0,0,0,0,0,0,0,0,0,0,0,5,1,0,0,0,0,0,0,0,0,0,0,0,0,0,11,9,0
C:\Users\abhi\Downloads\Files\react_native_datePicker\react_native_date_picker\examples\Rn069\android\app\src\androidTest\java\com\rn069\DetoxTest.java,com.rn069.DetoxTest,class,9,9,0,9,2,1,0,2,0,0,NaN,NaN,1,0,1,0,0,0,1,0,0,0,1,0,1,0,0,0,0,0,1,11,0,0,0,0,1,0,4,5,0,2,0,0,0,0,9,1,0
C:\Users\abhi\Downloads\Files\react_native_datePicker\react_native_date_picker\android\src\main\java\com\henninghall\date_picker\wheels\DayWheel.java,com.henninghall.date_picker.wheels.DayWheel,class,7,9,2,7,25,2,0,33,101,0.8666666,0.04761905,0.04761905,15,0,7,8,0,0,7,0,0,0,3,1,0,3,0,0,0,0,6,100,15,1,5,0,0,4,11,20,4,16,2,0,0,0,45,1,0
C:\Users\abhi\Downloads\Files\react_native_datePicker\react_native_date_picker\examples\Rn071\android\app\src\main\java\com\rn071\MainApplication.java,com.rn071.MainApplication,class,6,7,1,6,3,2,0,6,1,0.5,0,0,2,0,2,0,0,0,2,0,0,0,1,0,0,1,0,0,1,0,1,32,1,0,0,0,0,0,0,1,0,1,1,1,0,0,10,1,0
C:\Users\abhi\Downloads\Files\react_native_datePicker\react_native_date_picker\examples\Rn069\android\app\src\main\java\com\rn069\MainActivity.java,com.rn069.MainActivity,class,4,6,2,4,2,3,0,1,1,0,0,0,2,0,0,0,2,0,2,0,0,0,0,0,0,0,0,0,0,0,0,21,2,0,0,0,0,1,0,0,0,0,0,0,1,0,38,1,0
C:\Users\abhi\Downloads\Files\react_native_datePicker\react_native_date_picker\android\src\main\java\com\henninghall\date_picker\DatePickerPackage.java,com.henninghall.date_picker.DatePickerPackage$Anonymous1,anonymous,1,1,0,1,1,1,0,1,0,0,NaN,NaN,1,0,1,0,0,0,1,0,0,0,1,0,0,0,0,1,1,0,0,8,1,0,0,0,0,0,0,2,0,2,0,0,0,0,8,-1,0
C:\Users\abhi\Downloads\Files\react_native_datePicker\react_native_date_picker\android\src\main\java\com\henninghall\date_picker\wheels\MinutesWheel.java,com.henninghall.date_picker.wheels.MinutesWheel,class,5,6,1,5,9,2,0,9,15,0,0,0,6,0,6,0,0,0,6,0,0,0,0,0,0,0,0,0,0,0,1,27,5,1,1,0,0,1,3,4,1,3,1,0,0,0,19,1,0
C:\Users\abhi\Downloads\Files\react_native_datePicker\react_native_date_picker\examples\Rn069\android\app\src\main\java\com\rn069\MainApplication.java,com.rn069.MainApplication,class,7,8,1,7,9,2,0,9,3,0.6666667,0,0,3,1,2,1,0,0,2,0,0,0,2,0,0,2,0,0,2,0,2,50,2,0,0,1,0,2,0,4,0,3,2,1,0,0,39,1,0
C:\Users\abhi\Downloads\Files\react_native_datePicker\react_native_date_picker\android\src\main\java\com\henninghall\date_picker\pickers\AndroidNative.java,com.henninghall.date_picker.pickers.AndroidNative,class,15,19,4,15,34,3,0,32,120,0.89215684,0.03846154,0.07692308,17,0,12,4,1,0,13,0,0,0,6,0,0,6,0,0,1,0,2,167,4,2,4,2,4,9,9,24,5,24,2,5,0,0,114,1,0
C:\Users\abhi\Downloads\Files\react_native_datePicker\react_native_date_picker\android\src\main\java\com\henninghall\date_picker\ui\Wheels.java,com.henninghall.date_picker.ui.Wheels$Anonymous1,anonymous,3,3,0,3,3,1,0,5,0,0,NaN,NaN,1,0,1,0,0,0,1,0,0,0,0,0,0,0,0,0,0,0,0,10,0,0,0,0,2,4,2,3,2,3,2,0,0,0,13,-1,0
C:\Users\abhi\Downloads\Files\react_native_datePicker\react_native_date_picker\android\src\main\java\com\henninghall\date_picker\ui\Wheels.java,com.henninghall.date_picker.ui.Wheels$Anonymous2,anonymous,0,0,0,0,1,1,0,1,0,0,NaN,NaN,0,0,0,0,0,0,1,0,0,0,0,0,0,0,0,0,0,0,0,11,0,0,0,0,0,0,0,0,0,0,0,0,0,0,1,-1,0
C:\Users\abhi\Downloads\Files\react_native_datePicker\react_native_date_picker\android\src\main\java\com\henninghall\date_picker\pickers\AndroidNative.java,com.henninghall.date_picker.pickers.AndroidNative$Anonymous1,anonymous,1,1,0,1,1,1,0,1,0,0,NaN,NaN,1,0,1,0,0,0,1,0,0,0,0,0,0,0,0,0,0,0,0,6,0,0,0,0,0,0,0,1,0,0,0,0,0,0,4,-1,0
C:\Users\abhi\Downloads\Files\react_native_datePicker\react_native_date_picker\android\src\main\java\com\henninghall\date_picker\pickers\AndroidNative.java,com.henninghall.date_picker.pickers.AndroidNative$Anonymous3,anonymous,3,3,0,3,3,1,0,2,0,0,NaN,NaN,1,0,1,0,0,0,1,0,0,0,0,0,0,0,0,0,0,0,0,10,0,0,2,0,0,0,0,0,0,0,1,0,0,0,28,-1,0
C:\Users\abhi\Downloads\Files\react_native_datePicker\react_native_date_picker\android\src\main\java\com\henninghall\date_picker\pickers\AndroidNative.java,com.henninghall.date_picker.pickers.AndroidNative$Anonymous2,anonymous,1,1,0,1,2,1,0,2,0,0,NaN,NaN,1,0,1,0,0,0,1,0,0,0,0,0,0,0,0,0,0,0,0,8,0,0,0,0,0,0,0,0,0,0,1,0,0,0,10,-1,0
C:\Users\abhi\Downloads\Files\react_native_datePicker\react_native_date_picker\android\src\main\java\com\henninghall\date_picker\Formats.java,com.henninghall.date_picker.Formats$Anonymous1,anonymous,1,1,0,1,1,1,0,2,0,0,NaN,NaN,0,0,0,0,0,0,1,0,0,0,0,0,0,0,0,0,0,0,118,122,0,0,0,0,0,472,0,0,0,0,0,0,0,0,4,-1,0
C:\Users\abhi\Downloads\Files\react_native_datePicker\react_native_date_picker\android\src\main\java\com\henninghall\date_picker\pickers\AndroidNative.java,com.henninghall.date_picker.pickers.AndroidNative$Anonymous5,anonymous,1,1,0,1,1,1,0,2,0,0,NaN,NaN,1,0,1,0,0,0,1,0,0,0,0,0,0,0,0,0,0,0,0,7,0,0,0,0,0,0,0,1,0,0,0,0,0,0,3,-1,0
C:\Users\abhi\Downloads\Files\react_native_datePicker\react_native_date_picker\android\src\main\java\com\henninghall\date_picker\props\Is24hourSourceProp.java,com.henninghall.date_picker.props.Is24hourSourceProp,class,3,4,1,3,1,2,0,2,0,1,NaN,NaN,1,0,1,0,0,0,1,0,0,0,1,1,1,0,0,0,1,0,1,6,1,0,0,0,0,1,0,1,0,1,0,0,0,0,10,1,0
C:\Users\abhi\Downloads\Files\react_native_datePicker\react_native_date_picker\android\src\main\java\com\henninghall\date_picker\Formats.java,com.henninghall.date_picker.Formats$Anonymous2,anonymous,0,0,0,0,1,1,0,1,0,0,NaN,NaN,0,0,0,0,0,0,1,0,0,0,0,0,0,0,0,0,0,0,0,7,0,0,0,0,0,0,0,0,0,0,0,0,0,0,1,-1,0
C:\Users\abhi\Downloads\Files\react_native_datePicker\react_native_date_picker\android\src\main\java\com\henninghall\date_picker\pickers\AndroidNative.java,com.henninghall.date_picker.pickers.AndroidNative$Anonymous4,anonymous,3,3,0,3,2,1,0,2,0,0,NaN,NaN,1,0,1,0,0,0,1,0,0,0,0,0,0,0,0,0,0,0,0,10,0,0,1,0,0,0,0,2,0,0,1,0,0,0,26,-1,0
C:\Users\abhi\Downloads\Files\react_native_datePicker\react_native_date_picker\examples\Rn069\android\app\src\main\java\com\rn069\newarchitecture\MainApplicationReactNativeHost.java,com.rn069.newarchitecture.MainApplicationReactNativeHost$Anonymous1,anonymous,3,3,0,3,1,1,0,1,0,0,NaN,NaN,1,0,1,0,0,0,1,0,0,0,0,0,0,0,0,0,0,0,0,20,1,0,0,0,0,0,0,1,0,1,0,1,0,0,15,-1,0
C:\Users\abhi\Downloads\Files\react_native_datePicker\react_native_date_picker\examples\detox\android\app\src\main\java\com\example\MainActivity.java,com.example.MainActivity,class,1,2,1,1,1,2,0,0,0,0,NaN,NaN,1,0,0,0,1,0,1,0,0,0,0,0,0,0,0,0,0,0,0,5,1,0,0,0,0,1,0,0,0,0,0,0,0,0,20,1,0
C:\Users\abhi\Downloads\Files\react_native_datePicker\react_native_date_picker\examples\detox\android\app\src\androidTest\java\com\example\DetoxTest.java,com.example.DetoxTest,class,7,7,0,7,1,1,0,1,0,0,NaN,NaN,1,0,1,0,0,0,1,0,0,0,1,0,1,0,0,0,0,0,0,6,0,0,0,0,0,0,0,1,0,1,0,0,0,0,7,1,0
C:\Users\abhi\Downloads\Files\react_native_datePicker\react_native_date_picker\android\src\main\java\com\henninghall\date_picker\models\Is24HourSource.java,com.henninghall.date_picker.models.Is24HourSource,enum,0,2,2,0,0,1,0,0,0,0,-1,-1,0,0,0,0,0,0,0,0,0,0,0,0,0,0,0,0,0,0,0,1,0,0,0,0,0,0,0,0,0,0,0,0,0,0,5,1,0
C:\Users\abhi\Downloads\Files\react_native_datePicker\react_native_date_picker\android\src\main\java\com\henninghall\date_picker\pickers\Picker.java,com.henninghall.date_picker.pickers.Picker$OnValueChangeListener,interface,0,0,0,0,2,1,0,0,1,0,0,0,2,0,0,0,0,2,2,0,0,0,0,0,0,0,0,0,0,0,0,4,0,0,0,0,0,0,0,0,0,0,0,0,0,0,7,0,0
C:\Users\abhi\Downloads\Files\react_native_datePicker\react_native_date_picker\android\src\main\java\com\henninghall\date_picker\wheels\HourWheel.java,com.henninghall.date_picker.wheels.HourWheel,class,6,7,1,6,11,2,0,9,19,0.71428573,0.04761905,0.04761905,7,0,7,0,0,0,7,0,0,0,1,0,0,1,0,0,1,0,1,33,6,1,1,0,0,2,10,5,0,5,1,0,0,0,31,1,0
C:\Users\abhi\Downloads\Files\react_native_datePicker\react_native_date_picker\android\src\main\java\com\henninghall\date_picker\wheelFunctions\AddOnChangeListener.java,com.henninghall.date_picker.wheelFunctions.AddOnChangeListener,class,5,6,1,5,2,1,0,1,1,0.5,0,0,2,0,2,0,0,0,2,0,0,0,1,0,0,1,0,0,1,0,0,17,0,0,0,0,0,0,0,1,0,1,0,1,0,0,9,1,0
C:\Users\abhi\Downloads\Files\react_native_datePicker\react_native_date_picker\examples\Rn069\android\app\src\androidTest\java\com\rn069\TestButlerProbe.java,com.rn069.TestButlerProbe,class,2,4,2,2,7,1,0,10,6,0.75,NaN,NaN,4,3,0,3,0,1,1,0,0,0,2,2,0,2,0,0,2,0,2,32,3,0,0,2,0,4,1,3,0,3,1,0,0,0,43,0,0
C:\Users\abhi\Downloads\Files\react_native_datePicker\react_native_date_picker\android\src\main\java\com\henninghall\date_picker\props\ModeProp.java,com.henninghall.date_picker.props.ModeProp,class,3,4,1,3,1,2,0,2,0,1,NaN,NaN,1,0,1,0,0,0,1,0,0,0,1,1,1,0,0,0,1,0,1,6,1,0,0,0,0,1,0,1,0,1,0,0,0,0,7,1,0
C:\Users\abhi\Downloads\Files\react_native_datePicker\react_native_date_picker\android\src\main\java\com\henninghall\date_picker\State.java,com.henninghall.date_picker.State,class,19,34,15,19,27,1,0,30,206,0.9492064,0.014705882,0.014705882,21,0,16,4,0,1,17,0,0,0,15,0,1,14,0,0,13,0,10,122,21,0,2,1,0,4,6,30,5,29,2,1,0,0,81,1,0
C:\Users\abhi\Downloads\Files\react_native_datePicker\react_native_date_picker\android\src\main\java\com\henninghall\date_picker\DerivedData.java,com.henninghall.date_picker.DerivedData,class,6,15,9,6,24,1,0,24,0,0.25,0.47619048,0.47619048,8,0,6,1,0,1,7,0,0,0,1,0,0,1,0,0,1,0,7,88,9,2,5,1,1,8,1,13,1,13,3,0,0,0,45,1,0
C:\Users\abhi\Downloads\Files\react_native_datePicker\react_native_date_picker\android\src\main\java\com\henninghall\date_picker\wheelFunctions\SetDividerColor.java,com.henninghall.date_picker.wheelFunctions.SetDividerColor,class,2,3,1,2,2,1,0,1,0,0,1,1,2,0,2,0,0,0,2,0,0,0,1,0,0,1,0,0,1,0,0,9,0,0,0,0,0,0,0,1,0,1,0,0,0,0,8,1,0
C:\Users\abhi\Downloads\Files\react_native_datePicker\react_native_date_picker\android\src\main\java\com\henninghall\date_picker\wheels\DateWheel.java,com.henninghall.date_picker.wheels.DateWheel,class,5,6,1,5,8,2,0,8,15,0,0,0,6,0,6,0,0,0,6,0,0,0,0,0,0,0,0,0,0,0,2,30,5,1,1,0,0,0,5,5,0,5,1,0,0,0,23,1,0
C:\Users\abhi\Downloads\Files\react_native_datePicker\react_native_date_picker\examples\Rn072\android\app\src\debug\java\com\rn072\ReactNativeFlipper.java,com.rn072.ReactNativeFlipper,class,11,12,1,11,3,1,0,8,0,0,NaN,NaN,1,1,1,0,0,0,1,0,0,0,0,0,0,0,0,0,0,0,0,38,0,0,1,0,0,0,0,3,0,3,2,2,0,0,41,1,0
C:\Users\abhi\Downloads\Files\react_native_datePicker\react_native_date_picker\examples\Rn072\android\app\src\debug\java\com\rn072\ReactNativeFlipper.java,com.rn072.ReactNativeFlipper$Anonymous2$Anonymous3,anonymous,1,1,0,1,1,1,0,1,0,0,NaN,NaN,1,0,1,0,0,0,1,0,0,0,0,0,0,0,0,0,0,0,0,5,0,0,0,0,0,0,0,0,0,0,0,0,0,0,4,-1,0
C:\Users\abhi\Downloads\Files\react_native_datePicker\react_native_date_picker\examples\Rn071\android\app\src\debug\java\com\rn071\ReactNativeFlipper.java,com.rn071.ReactNativeFlipper,class,11,12,1,11,3,1,0,8,0,0,NaN,NaN,1,1,1,0,0,0,1,0,0,0,0,0,0,0,0,0,0,0,0,38,0,0,1,0,0,0,0,3,0,3,2,2,0,0,41,1,0
C:\Users\abhi\Downloads\Files\react_native_datePicker\react_native_date_picker\examples\Rn072\android\app\src\main\java\com\rn072\MainActivity.java,com.rn072.MainActivity,class,4,5,1,4,2,2,0,2,1,0,0,0,2,0,0,0,2,0,2,0,0,0,0,0,0,0,0,0,0,0,0,8,2,0,0,0,0,1,0,0,0,0,0,0,0,0,40,1,0
C:\Users\abhi\Downloads\Files\react_native_datePicker\react_native_date_picker\android\src\main\java\com\henninghall\date_picker\generated\NumberPicker.java,com.henninghall.date_picker.generated.NumberPicker$OnValueChangeListener,interface,1,1,0,1,1,1,0,0,0,0,NaN,NaN,1,0,0,0,0,1,1,0,0,0,0,0,0,0,0,0,0,0,0,3,0,0,0,0,0,0,0,0,0,0,0,0,0,0,26,1,0
C:\Users\abhi\Downloads\Files\react_native_datePicker\react_native_date_picker\android\src\main\java\com\henninghall\date_picker\ui\Wheels.java,com.henninghall.date_picker.ui.Wheels,class,18,21,3,18,37,1,0,36,179,0.8553719,0.06410257,0.12820514,22,0,2,9,0,11,13,0,0,0,11,0,0,11,0,0,2,0,1,148,18,8,3,0,0,7,8,20,4,20,2,2,0,0,69,1,0
C:\Users\abhi\Downloads\Files\react_native_datePicker\react_native_date_picker\android\src\main\java\com\henninghall\date_picker\wheels\YearWheel.java,com.henninghall.date_picker.wheels.YearWheel,class,6,8,2,6,12,2,0,13,24,0.75,0,0,8,0,6,2,0,0,6,0,0,0,2,0,0,2,0,0,0,0,2,46,9,1,3,0,0,0,4,8,1,8,1,0,0,0,28,1,0
C:\Users\abhi\Downloads\Files\react_native_datePicker\react_native_date_picker\examples\Rn069\android\app\src\main\java\com\rn069\newarchitecture\MainApplicationReactNativeHost.java,com.rn069.newarchitecture.MainApplicationReactNativeHost,class,9,10,1,9,6,2,0,1,15,0,0,0,6,0,2,0,4,0,6,0,0,0,0,0,0,0,0,0,0,0,0,41,5,0,0,0,0,1,0,1,0,1,0,1,0,0,51,1,0
C:\Users\abhi\Downloads\Files\react_native_datePicker\react_native_date_picker\examples\Rn072\android\app\src\main\java\com\rn072\MainApplication.java,com.rn072.MainApplication$Anonymous1,anonymous,2,2,0,2,5,1,0,1,10,0,0,0,5,0,1,0,4,0,5,0,0,0,0,0,0,0,0,0,0,0,0,18,5,0,0,0,0,2,0,1,0,1,0,0,0,0,19,-1,0
C:\Users\abhi\Downloads\Files\react_native_datePicker\react_native_date_picker\android\src\main\java\com\henninghall\date_picker\wheelFunctions\Hide.java,com.henninghall.date_picker.wheelFunctions.Hide,class,3,3,0,3,1,1,0,1,0,0,NaN,NaN,1,0,1,0,0,0,1,0,0,0,0,0,0,0,0,0,0,0,0,5,0,0,0,0,0,0,0,0,0,0,0,0,0,0,5,1,0
C:\Users\abhi\Downloads\Files\react_native_datePicker\react_native_date_picker\examples\Rn072\android\app\src\debug\java\com\rn072\ReactNativeFlipper.java,com.rn072.ReactNativeFlipper$Anonymous2,anonymous,1,1,0,1,1,1,0,2,0,0,NaN,NaN,1,0,1,0,0,0,1,0,0,0,0,0,0,0,0,0,0,0,0,11,0,0,0,0,0,0,0,0,0,0,0,1,0,0,6,-1,0
C:\Users\abhi\Downloads\Files\react_native_datePicker\react_native_date_picker\examples\Rn072\android\app\src\debug\java\com\rn072\ReactNativeFlipper.java,com.rn072.ReactNativeFlipper$Anonymous1,anonymous,2,2,0,2,1,1,0,1,0,0,NaN,NaN,1,0,1,0,0,0,1,0,0,0,0,0,0,0,0,0,0,0,0,5,0,0,0,0,0,0,0,0,0,0,0,0,0,0,7,-1,0
C:\Users\abhi\Downloads\Files\react_native_datePicker\react_native_date_picker\android\src\main\java\com\henninghall\date_picker\props\MinimumDateProp.java,com.henninghall.date_picker.props.MinimumDateProp,class,2,3,1,2,1,2,0,1,0,1,NaN,NaN,1,0,1,0,0,0,1,0,0,0,1,1,1,0,0,0,1,0,0,6,1,0,0,0,0,1,0,1,0,1,0,0,0,0,8,1,0
C:\Users\abhi\Downloads\Files\react_native_datePicker\react_native_date_picker\android\src\main\java\com\henninghall\date_picker\generated\NumberPicker.java,com.henninghall.date_picker.generated.NumberPicker$CustomEditText,innerclass,3,3,0,3,3,2,0,2,1,0,0,0,2,0,2,0,0,0,2,0,0,0,0,0,0,0,0,0,0,0,0,11,0,0,1,0,0,0,0,0,0,0,1,0,0,0,14,9,0
C:\Users\abhi\Downloads\Files\react_native_datePicker\react_native_date_picker\android\src\main\java\com\henninghall\date_picker\wheelFunctions\WheelFunction.java,com.henninghall.date_picker.wheelFunctions.WheelFunction,interface,1,10,9,1,1,1,0,0,0,0,NaN,NaN,1,0,0,0,0,1,1,0,0,0,0,0,0,0,0,0,0,0,0,3,0,0,0,0,0,0,0,0,0,0,0,0,0,0,4,1,0
C:\Users\abhi\Downloads\Files\react_native_datePicker\react_native_date_picker\android\src\main\java\com\henninghall\date_picker\PickerView.java,com.henninghall.date_picker.PickerView,class,10,17,7,10,17,2,0,24,0,0.6111111,0.39285713,0.53571427,9,0,8,1,0,0,8,0,0,0,4,0,0,4,0,0,1,0,1,67,4,1,0,0,0,0,0,6,0,5,2,1,0,0,41,1,0
C:\Users\abhi\Downloads\Files\react_native_datePicker\react_native_date_picker\android\src\main\java\com\henninghall\date_picker\wheelFunctions\Refresh.java,com.henninghall.date_picker.wheelFunctions.Refresh,class,2,3,1,2,1,1,0,1,0,0,NaN,NaN,1,0,1,0,0,0,1,0,0,0,0,0,0,0,0,0,0,0,0,5,0,0,0,0,0,0,0,0,0,0,0,0,0,0,5,1,0
C:\Users\abhi\Downloads\Files\react_native_datePicker\react_native_date_picker\examples\Rn072\android\app\src\test\java\ShortestScrollOption.java,ShortestScrollOption,class,1,2,0,2,10,1,0,2,45,0,0,0,10,0,10,0,0,0,10,0,0,0,0,0,0,0,0,0,0,0,0,32,0,0,0,0,0,0,40,0,0,0,0,0,0,0,20,1,0
C:\Users\abhi\Downloads\Files\react_native_datePicker\react_native_date_picker\examples\Rn072\android\app\src\main\java\com\rn072\MainApplication.java,com.rn072.MainApplication,class,6,7,1,6,3,2,0,6,1,0.5,0,0,2,0,2,0,0,0,2,0,0,0,1,0,0,1,0,0,1,0,1,32,1,0,0,0,0,0,0,1,0,1,1,1,0,0,10,1,0
C:\Users\abhi\Downloads\Files\react_native_datePicker\react_native_date_picker\android\src\main\java\com\henninghall\date_picker\DatePickerPackage.java,com.henninghall.date_picker.DatePickerPackage,class,10,11,1,10,5,2,0,3,4,0.5,0.16666667,0.16666667,4,0,4,0,0,0,4,0,0,0,1,1,1,0,0,0,0,0,1,32,5,0,0,0,0,0,0,3,0,2,1,1,0,0,23,1,0
C:\Users\abhi\Downloads\Files\react_native_datePicker\react_native_date_picker\android\src\oldarch\java\com\henninghall\date_picker\DatePickerManager.java,DatePickerManager,class,6,6,0,6,8,1,0,11,28,0,0,0,8,0,7,0,1,0,8,0,0,0,0,0,0,0,0,0,0,0,0,27,4,0,0,0,0,10,0,0,0,0,0,0,0,0,36,1,0
C:\Users\abhi\Downloads\Files\react_native_datePicker\react_native_date_picker\android\src\main\java\com\henninghall\date_picker\ui\SpinnerStateListener.java,com.henninghall.date_picker.ui.SpinnerStateListener,interface,1,4,3,1,1,1,0,0,0,0,NaN,NaN,1,0,0,0,0,1,1,0,0,0,0,0,0,0,0,0,0,0,0,3,0,0,0,0,0,0,0,0,0,0,0,0,0,0,6,1,0
C:\Users\abhi\Downloads\Files\react_native_datePicker\react_native_date_picker\android\src\main\java\com\henninghall\date_picker\props\DividerColorProp.java,com.henninghall.date_picker.props.DividerColorProp,class,2,3,1,2,1,2,0,1,0,1,NaN,NaN,1,0,1,0,0,0,1,0,0,0,1,1,1,0,0,0,1,0,0,6,1,0,0,0,0,1,0,1,0,1,0,0,0,0,8,1,0
C:\Users\abhi\Downloads\Files\react_native_datePicker\react_native_date_picker\android\src\main\java\com\henninghall\date_picker\props\MaximumDateProp.java,com.henninghall.date_picker.props.MaximumDateProp,class,2,3,1,2,1,2,0,1,0,1,NaN,NaN,1,0,1,0,0,0,1,0,0,0,1,1,1,0,0,0,1,0,0,6,1,0,0,0,0,1,0,1,0,1,0,0,0,0,8,1,0
C:\Users\abhi\Downloads\Files\react_native_datePicker\react_native_date_picker\android\src\main\java\com\henninghall\date_picker\generated\NumberPicker.java,com.henninghall.date_picker.generated.NumberPicker$BeginSoftInputOnLongPressCommand,innerclass,1,1,0,1,1,1,0,1,0,0,NaN,NaN,1,0,1,0,0,0,1,0,0,0,0,0,0,0,0,0,0,0,0,5,0,0,0,0,0,0,0,0,0,0,0,0,0,0,15,0,0
C:\Users\abhi\Downloads\Files\react_native_datePicker\react_native_date_picker\android\src\main\java\com\henninghall\date_picker\generated\NumberPicker.java,com.henninghall.date_picker.generated.NumberPicker$OnScrollListener,interface,3,3,0,3,1,1,0,0,0,0.33333334,NaN,NaN,1,0,1,0,0,0,1,0,0,0,3,3,3,0,0,0,0,0,0,7,0,0,0,0,0,0,3,3,0,3,0,0,0,0,59,1,0
C:\Users\abhi\Downloads\Files\react_native_datePicker\react_native_date_picker\examples\Rn072\android\app\src\release\java\com\rn072\ReactNativeFlipper.java,ReactNativeFlipper,class,0,0,0,0,1,1,0,0,0,0,NaN,NaN,1,1,1,0,0,0,1,0,0,0,0,0,0,0,0,0,0,0,0,4,0,0,0,0,0,0,0,0,0,0,0,0,0,0,27,1,0
C:\Users\abhi\Downloads\Files\react_native_datePicker\react_native_date_picker\android\src\main\java\com\henninghall\date_picker\pickers\Picker.java,com.henninghall.date_picker.pickers.Picker$OnValueChangeListenerInScrolling,interface,1,1,0,1,1,1,0,0,0,0,NaN,NaN,1,0,0,0,0,1,1,0,0,0,0,0,0,0,0,0,0,0,0,3,0,0,0,0,0,0,0,0,0,0,0,0,0,0,10,0,0
C:\Users\abhi\Downloads\Files\react_native_datePicker\react_native_date_picker\android\src\main\java\com\henninghall\date_picker\ui\SpinnerState.java,com.henninghall.date_picker.ui.SpinnerState,enum,0,3,3,0,0,1,0,0,0,0,-1,-1,0,0,0,0,0,0,0,0,0,0,0,0,0,0,0,0,0,0,0,1,0,0,0,0,0,0,0,0,0,0,0,0,0,0,4,1,0
C:\Users\abhi\Downloads\Files\react_native_datePicker\react_native_date_picker\android\src\main\java\com\henninghall\date_picker\Utils.java,com.henninghall.date_picker.Utils,class,4,14,10,4,29,1,0,27,91,0,0,0,14,14,13,1,0,0,13,0,0,0,0,0,0,0,0,0,0,0,8,91,25,0,1,2,1,6,6,11,9,11,1,0,0,0,80,1,0
C:\Users\abhi\Downloads\Files\react_native_datePicker\react_native_date_picker\android\src\main\java\com\henninghall\date_picker\wheels\AmPmWheel.java,com.henninghall.date_picker.wheels.AmPmWheel,class,5,6,1,5,8,2,0,9,15,0,0,0,6,0,6,0,0,0,6,0,0,0,0,0,0,0,0,0,0,0,1,27,5,0,1,0,0,2,8,2,0,2,0,0,0,0,20,1,0
C:\Users\abhi\Downloads\Files\react_native_datePicker\react_native_date_picker\examples\Rn071\android\app\src\main\java\com\rn071\MainApplication.java,com.rn071.MainApplication$Anonymous1,anonymous,2,2,0,2,5,1,0,1,10,0,0,0,5,0,1,0,4,0,5,0,0,0,0,0,0,0,0,0,0,0,0,18,5,0,0,0,0,2,0,1,0,1,0,0,0,0,19,-1,0
C:\Users\abhi\Downloads\Files\react_native_datePicker\react_native_date_picker\android\src\main\java\com\henninghall\date_picker\generated\NumberPicker.java,com.henninghall.date_picker.generated.NumberPicker$Anonymous2,anonymous,2,2,0,2,1,1,0,2,0,0,NaN,NaN,1,0,1,0,0,0,1,0,0,0,0,0,0,0,0,0,0,0,0,7,1,0,0,0,0,0,0,0,0,0,0,0,0,0,9,-1,0
C:\Users\abhi\Downloads\Files\react_native_datePicker\react_native_date_picker\android\src\main\java\com\henninghall\date_picker\generated\NumberPicker.java,com.henninghall.date_picker.generated.NumberPicker$Anonymous1,anonymous,2,2,0,2,1,1,0,2,0,0,NaN,NaN,1,0,1,0,0,0,1,0,0,0,0,0,0,0,0,0,0,0,0,6,0,0,0,0,0,0,0,0,0,0,0,0,0,0,7,-1,0
C:\Users\abhi\Downloads\Files\react_native_datePicker\react_native_date_picker\android\src\main\java\com\henninghall\date_picker\generated\NumberPicker.java,com.henninghall.date_picker.generated.NumberPicker$Anonymous3,anonymous,2,2,0,2,2,1,0,3,0,0,NaN,NaN,1,0,1,0,0,0,1,0,0,0,0,0,0,0,0,0,0,0,0,11,0,0,0,0,0,0,2,0,0,0,1,0,0,0,9,-1,0
C:\Users\abhi\Downloads\Files\react_native_datePicker\react_native_date_picker\android\src\main\java\com\henninghall\date_picker\DatePickerModuleImpl.java,com.henninghall.date_picker.DatePickerModuleImpl$Anonymous5,anonymous,1,1,0,1,1,1,0,1,0,0,NaN,NaN,1,0,1,0,0,0,1,0,0,0,0,0,0,0,0,0,0,0,0,5,0,0,0,0,0,0,0,0,0,0,0,0,0,0,5,-1,0
C:\Users\abhi\Downloads\Files\react_native_datePicker\react_native_date_picker\android\src\main\java\com\henninghall\date_picker\props\IdProp.java,com.henninghall.date_picker.props.IdProp,class,2,3,1,2,1,2,0,1,0,1,NaN,NaN,1,0,1,0,0,0,1,0,0,0,1,1,1,0,0,0,1,0,0,6,1,0,0,0,0,1,0,1,0,1,0,0,0,0,7,1,0
C:\Users\abhi\Downloads\Files\react_native_datePicker\react_native_date_picker\examples\detox\android\app\src\main\java\com\example\MainApplication.java,com.example.MainApplication$Anonymous1,anonymous,3,3,0,3,2,1,0,1,1,0,0,0,2,0,1,0,1,0,2,0,0,0,0,0,0,0,0,0,0,0,1,8,2,0,0,0,0,0,0,0,0,0,0,0,0,0,12,-1,0
C:\Users\abhi\Downloads\Files\react_native_datePicker\react_native_date_picker\android\src\main\java\com\henninghall\date_picker\DatePickerModuleImpl.java,com.henninghall.date_picker.DatePickerModuleImpl$Anonymous6,anonymous,1,1,0,1,2,1,0,3,0,0,NaN,NaN,1,0,1,0,0,0,1,0,0,0,0,0,0,0,0,0,0,0,0,9,0,0,1,0,0,0,0,1,0,1,1,0,0,0,9,-1,0
C:\Users\abhi\Downloads\Files\react_native_datePicker\react_native_date_picker\examples\detox\android\app\src\main\java\com\example\MainApplication.java,com.example.MainApplication,class,3,3,0,3,2,2,0,2,1,0.5,0,0,2,0,2,0,0,0,2,0,0,0,1,0,0,1,0,0,1,0,0,18,1,0,0,0,0,0,0,1,0,1,0,1,0,0,9,1,0
C:\Users\abhi\Downloads\Files\react_native_datePicker\react_native_date_picker\android\src\main\java\com\henninghall\date_picker\models\Mode.java,com.henninghall.date_picker.models.Mode,enum,0,3,3,0,0,1,0,0,0,0,-1,-1,0,0,0,0,0,0,0,0,0,0,0,0,0,0,0,0,0,0,0,1,0,0,0,0,0,0,0,0,0,0,0,0,0,0,3,1,0
C:\Users\abhi\Downloads\Files\react_native_datePicker\react_native_date_picker\android\src\main\java\com\henninghall\date_picker\props\MinuteIntervalProp.java,com.henninghall.date_picker.props.MinuteIntervalProp,class,2,3,1,2,2,2,0,1,1,1,0,0,2,0,2,0,0,0,2,0,0,0,1,1,1,0,0,0,1,0,0,9,1,0,0,0,0,1,1,1,0,1,0,0,0,0,9,1,0
C:\Users\abhi\Downloads\Files\react_native_datePicker\react_native_date_picker\android\src\main\java\com\henninghall\date_picker\generated\NumberPicker.java,com.henninghall.date_picker.generated.AccessibilityManager,class,3,5,2,3,1,1,0,1,0,0,NaN,NaN,1,1,1,0,0,0,1,0,0,0,0,0,0,0,0,0,0,0,0,6,1,0,0,0,0,0,0,1,0,1,0,0,0,0,7,0,0
C:\Users\abhi\Downloads\Files\react_native_datePicker\react_native_date_picker\android\src\main\java\com\henninghall\date_picker\PickerView.java,com.henninghall.date_picker.PickerView$Anonymous1,anonymous,0,0,0,0,1,1,0,9,0,0,NaN,NaN,1,0,1,0,0,0,1,0,0,0,0,0,0,0,0,0,0,0,0,6,0,0,0,0,0,0,0,0,0,0,0,0,0,0,7,-1,0
C:\Users\abhi\Downloads\Files\react_native_datePicker\react_native_date_picker\android\src\main\java\com\henninghall\date_picker\props\TextColorProp.java,com.henninghall.date_picker.props.TextColorProp,class,2,3,1,2,1,2,0,1,0,1,NaN,NaN,1,0,1,0,0,0,1,0,0,0,1,1,1,0,0,0,1,0,0,6,1,0,0,0,0,1,0,1,0,1,0,0,0,0,8,1,0
C:\Users\abhi\Downloads\Files\react_native_datePicker\react_native_date_picker\android\src\main\java\com\henninghall\date_picker\props\TimezoneOffsetInMinutesProp.java,com.henninghall.date_picker.props.TimezoneOffsetInMinutesProp,class,2,3,1,2,2,2,0,2,0,1,NaN,NaN,1,0,0,0,0,1,1,0,0,0,1,1,1,0,0,0,1,0,0,7,2,0,0,0,0,1,0,1,0,1,1,0,0,0,11,1,0
C:\Users\abhi\Downloads\Files\react_native_datePicker\react_native_date_picker\android\src\main\java\com\henninghall\date_picker\DatePickerModuleImpl.java,com.henninghall.date_picker.DatePickerModuleImpl$Anonymous1,anonymous,2,2,0,2,1,1,0,3,0,0,NaN,NaN,1,0,1,0,0,0,1,0,0,0,0,0,0,0,0,0,0,0,1,5,0,0,0,0,0,0,0,0,0,0,0,0,0,0,2,-1,0
C:\Users\abhi\Downloads\Files\react_native_datePicker\react_native_date_picker\android\src\main\java\com\henninghall\date_picker\LocaleUtils.java,com.henninghall.date_picker.LocaleUtils,class,6,13,7,6,14,1,0,23,36,0,0,0,9,9,7,1,0,1,8,0,0,0,0,0,0,0,0,0,0,0,8,72,12,0,0,4,3,10,2,15,0,11,2,0,0,0,44,1,0
C:\Users\abhi\Downloads\Files\react_native_datePicker\react_native_date_picker\android\src\main\java\com\henninghall\date_picker\DatePickerModuleImpl.java,com.henninghall.date_picker.DatePickerModuleImpl$Anonymous2,anonymous,2,2,0,2,1,1,0,2,0,0,NaN,NaN,1,0,1,0,0,0,1,0,0,0,0,0,0,0,0,0,0,0,1,5,0,0,0,0,0,0,0,0,0,0,0,0,0,0,2,-1,0
C:\Users\abhi\Downloads\Files\react_native_datePicker\react_native_date_picker\android\src\main\java\com\henninghall\date_picker\generated\NumberPicker.java,com.henninghall.date_picker.generated.NumberPicker,class,48,61,13,48,277,5,1,193,2435,0.94866437,0.10666667,0.46745098,83,2,39,32,12,0,51,0,1,0,69,12,0,69,0,0,31,0,18,1770,69,10,61,2,29,7,105,226,78,169,5,3,11,0,671,1,0
C:\Users\abhi\Downloads\Files\react_native_datePicker\react_native_date_picker\android\src\main\java\com\henninghall\date_picker\ui\WheelChangeListenerImpl.java,com.henninghall.date_picker.ui.WheelChangeListenerImpl,class,10,12,2,10,23,1,0,28,0,0.5625,0.6666667,1,8,0,3,4,0,1,4,0,0,0,6,0,0,6,0,0,4,0,4,98,13,2,4,3,0,0,2,25,0,25,2,0,0,0,58,1,0
C:\Users\abhi\Downloads\Files\react_native_datePicker\react_native_date_picker\android\src\main\java\com\henninghall\date_picker\wheelFunctions\SetDate.java,com.henninghall.date_picker.wheelFunctions.SetDate,class,2,3,1,2,2,1,0,1,0,0,1,1,2,0,2,0,0,0,2,0,0,0,1,0,0,1,0,0,0,0,0,9,0,0,0,0,0,0,0,1,0,1,0,0,0,0,8,1,0
C:\Users\abhi\Downloads\Files\react_native_datePicker\react_native_date_picker\android\src\main\java\com\henninghall\date_picker\DatePickerModuleImpl.java,com.henninghall.date_picker.DatePickerModuleImpl$Anonymous3,anonymous,2,2,0,2,1,1,0,3,0,0,NaN,NaN,1,0,1,0,0,0,1,0,0,0,0,0,0,0,0,0,0,0,0,6,0,0,0,0,0,0,0,0,0,0,0,0,0,0,5,-1,0
C:\Users\abhi\Downloads\Files\react_native_datePicker\react_native_date_picker\android\src\main\java\com\henninghall\date_picker\DatePickerModuleImpl.java,com.henninghall.date_picker.DatePickerModuleImpl$Anonymous4,anonymous,1,1,0,1,1,1,0,2,0,0,NaN,NaN,1,0,1,0,0,0,1,0,0,0,0,0,0,0,0,0,0,0,0,6,0,0,0,0,0,0,0,0,0,0,0,0,0,0,5,-1,0
C:\Users\abhi\Downloads\Files\react_native_datePicker\react_native_date_picker\android\src\main\java\com\henninghall\date_picker\DatePickerModuleImpl.java,com.henninghall.date_picker.DatePickerModuleImpl,class,12,14,2,12,13,1,0,28,15,0.78571427,0.33333334,0.33333334,7,0,2,4,0,1,3,0,0,0,2,1,1,1,0,0,1,0,2,102,7,1,1,1,0,9,6,20,0,20,2,6,0,0,57,1,0
C:\Users\abhi\Downloads\Files\react_native_datePicker\react_native_date_picker\android\src\main\java\com\henninghall\date_picker\generated\NumberPicker.java,com.henninghall.date_picker.generated.NumberPicker$InputTextFilter,innerclass,5,5,0,5,12,2,0,16,3,0,0,0,3,0,2,0,1,0,3,0,0,0,0,0,0,0,0,0,0,0,5,46,8,1,3,0,0,4,2,8,2,7,3,0,0,0,54,0,0
C:\Users\abhi\Downloads\Files\react_native_datePicker\react_native_date_picker\android\src\main\java\com\henninghall\date_picker\props\DateProp.java,com.henninghall.date_picker.props.DateProp,class,2,3,1,2,1,2,0,1,0,1,NaN,NaN,1,0,1,0,0,0,1,0,0,0,1,1,1,0,0,0,1,0,0,6,1,0,0,0,0,1,0,1,0,1,0,0,0,0,7,1,0
C:\Users\abhi\Downloads\Files\react_native_datePicker\react_native_date_picker\examples\Rn071\android\app\src\debug\java\com\rn071\ReactNativeFlipper.java,com.rn071.ReactNativeFlipper$Anonymous2,anonymous,1,1,0,1,1,1,0,2,0,0,NaN,NaN,1,0,1,0,0,0,1,0,0,0,0,0,0,0,0,0,0,0,0,11,0,0,0,0,0,0,0,0,0,0,0,1,0,0,6,-1,0
C:\Users\abhi\Downloads\Files\react_native_datePicker\react_native_date_picker\android\src\main\java\com\henninghall\date_picker\wheels\Wheel.java,com.henninghall.date_picker.wheels.Wheel,class,4,27,23,4,30,1,7,33,117,0.73913044,0.16911764,0.33088234,23,0,16,6,0,1,17,5,0,0,5,0,2,2,1,0,1,0,0,92,14,1,1,0,1,0,6,12,4,10,2,0,0,0,50,1025,0
C:\Users\abhi\Downloads\Files\react_native_datePicker\react_native_date_picker\examples\Rn069\android\app\src\debug\java\com\rn069\ReactNativeFlipper.java,com.rn069.ReactNativeFlipper$Anonymous1,anonymous,2,2,0,2,1,1,0,1,0,0,NaN,NaN,1,0,1,0,0,0,1,0,0,0,0,0,0,0,0,0,0,0,0,5,0,0,0,0,0,0,0,0,0,0,0,0,0,0,7,-1,0
C:\Users\abhi\Downloads\Files\react_native_datePicker\react_native_date_picker\examples\Rn069\android\app\src\debug\java\com\rn069\ReactNativeFlipper.java,com.rn069.ReactNativeFlipper$Anonymous2,anonymous,1,1,0,1,1,1,0,2,0,0,NaN,NaN,1,0,1,0,0,0,1,0,0,0,0,0,0,0,0,0,0,0,0,11,0,0,0,0,0,0,0,0,0,0,0,1,0,0,6,-1,0
C:\Users\abhi\Downloads\Files\react_native_datePicker\react_native_date_picker\examples\Rn071\android\app\src\debug\java\com\rn071\ReactNativeFlipper.java,com.rn071.ReactNativeFlipper$Anonymous1,anonymous,2,2,0,2,1,1,0,1,0,0,NaN,NaN,1,0,1,0,0,0,1,0,0,0,0,0,0,0,0,0,0,0,0,5,0,0,0,0,0,0,0,0,0,0,0,0,0,0,7,-1,0
C:\Users\abhi\Downloads\Files\react_native_datePicker\react_native_date_picker\android\src\main\java\com\henninghall\date_picker\models\WheelType.java,com.henninghall.date_picker.models.WheelType,enum,0,3,3,0,0,1,0,0,0,0,-1,-1,0,0,0,0,0,0,0,0,0,0,0,0,0,0,0,0,0,0,0,1,0,0,0,0,0,0,0,0,0,0,0,0,0,0,7,1,0
C:\Users\abhi\Downloads\Files\react_native_datePicker\react_native_date_picker\android\src\main\java\com\henninghall\date_picker\generated\NumberPicker.java,com.henninghall.date_picker.generated.NumberPicker$AccessibilityNodeProviderImpl,innerclass,11,11,0,11,110,2,0,71,29,0.6836735,1,1,14,0,4,10,0,0,4,0,0,0,7,4,0,7,0,0,6,0,3,418,58,0,20,0,11,0,18,40,20,30,2,0,0,0,113,0,0
C:\Users\abhi\Downloads\Files\react_native_datePicker\react_native_date_picker\examples\Rn071\android\app\src\debug\java\com\rn071\ReactNativeFlipper.java,com.rn071.ReactNativeFlipper$Anonymous2$Anonymous3,anonymous,1,1,0,1,1,1,0,1,0,0,NaN,NaN,1,0,1,0,0,0,1,0,0,0,0,0,0,0,0,0,0,0,0,5,0,0,0,0,0,0,0,0,0,0,0,0,0,0,4,-1,0
C:\Users\abhi\Downloads\Files\react_native_datePicker\react_native_date_picker\android\src\main\java\com\henninghall\date_picker\ui\Accessibility.java,com.henninghall.date_picker.ui.Accessibility$Anonymous1,anonymous,3,3,0,3,5,1,0,4,0,0,NaN,NaN,1,0,1,0,0,0,1,0,0,0,0,0,0,0,0,0,0,0,0,18,1,0,0,0,0,0,2,1,2,1,2,0,0,0,9,-1,0
C:\Users\abhi\Downloads\Files\react_native_datePicker\react_native_date_picker\examples\Rn069\android\app\src\debug\java\com\rn069\ReactNativeFlipper.java,com.rn069.ReactNativeFlipper$Anonymous2$Anonymous3,anonymous,1,1,0,1,1,1,0,1,0,0,NaN,NaN,1,0,1,0,0,0,1,0,0,0,0,0,0,0,0,0,0,0,0,5,0,0,0,0,0,0,0,0,0,0,0,0,0,0,4,-1,0
C:\Users\abhi\Downloads\Files\react_native_datePicker\react_native_date_picker\android\src\main\java\com\henninghall\date_picker\Formats.java,com.henninghall.date_picker.Formats$Format,enum,0,0,0,0,0,1,0,0,0,0,-1,-1,0,0,0,0,0,0,0,0,0,0,0,0,0,0,0,0,0,0,0,1,0,0,0,0,0,0,0,0,0,0,0,0,0,0,3,1,0
C:\Users\abhi\Downloads\Files\react_native_datePicker\react_native_date_picker\examples\Rn069\android\app\src\main\java\com\rn069\newarchitecture\components\MainComponentsRegistry.java,com.rn069.newarchitecture.components.MainComponentsRegistry,class,4,6,2,4,4,1,0,2,3,0.6666667,0,0,3,1,1,2,0,0,2,0,0,0,1,0,0,1,0,0,1,0,0,13,1,0,0,0,0,1,0,1,0,1,0,0,0,0,54,1,0
C:\Users\abhi\Downloads\Files\react_native_datePicker\react_native_date_picker\android\src\newarch\java\com\henninghall\date_picker\DatePickerModule.java,com.henninghall.date_picker.DatePickerModule,class,5,6,1,5,6,2,0,3,9,0.5,0.2,0.2,6,0,5,0,0,1,6,0,0,0,1,0,0,1,0,0,1,0,0,21,1,0,0,0,0,0,0,1,0,1,0,0,0,0,26,1,0
C:\Users\abhi\Downloads\Files\react_native_datePicker\react_native_date_picker\android\src\newarch\java\com\henninghall\date_picker\DatePickerManager.java,com.henninghall.date_picker.DatePickerManager,class,6,7,1,6,6,2,0,6,15,0,0,0,6,0,5,0,1,0,6,0,0,0,0,0,0,0,0,0,0,0,5,21,3,0,0,0,0,4,0,0,0,0,0,0,0,0,25,1,0
C:\Users\abhi\Downloads\Files\react_native_datePicker\react_native_date_picker\examples\Rn069\android\app\src\main\java\com\rn069\MainApplication.java,com.rn069.MainApplication$Anonymous1,anonymous,2,2,0,2,3,1,0,1,3,0,0,0,3,0,1,0,2,0,3,0,0,0,0,0,0,0,0,0,0,0,0,12,3,0,0,0,0,2,0,1,0,1,0,0,0,0,13,-1,0
C:\Users\abhi\Downloads\Files\react_native_datePicker\react_native_date_picker\android\src\main\java\com\henninghall\date_picker\wheelFunctions\AnimateToDate.java,com.henninghall.date_picker.wheelFunctions.AnimateToDate,class,2,3,1,2,2,1,0,1,0,0,1,1,2,0,2,0,0,0,2,0,0,0,1,0,0,1,0,0,0,0,0,9,0,0,0,0,0,0,0,1,0,1,0,0,0,0,9,1,0
C:\Users\abhi\Downloads\Files\react_native_datePicker\react_native_date_picker\android\src\main\java\com\henninghall\date_picker\generated\NumberPicker.java,com.henninghall.date_picker.generated.NumberPicker$TwoDigitFormatter,innerclass,2,2,0,2,7,1,0,10,6,0.65000004,0,0,5,1,1,3,0,1,2,0,0,0,4,0,0,0,0,4,2,0,4,33,4,0,1,0,0,1,3,7,0,6,1,0,0,0,46,10,0
C:\Users\abhi\Downloads\Files\react_native_datePicker\react_native_date_picker\android\src\main\java\com\henninghall\date_picker\Formats.java,com.henninghall.date_picker.Formats$FormatNotFoundException,innerclass,0,0,0,0,0,3,0,0,0,0,-1,-1,0,0,0,0,0,0,0,0,0,0,0,0,0,0,0,0,0,0,0,2,0,0,0,0,0,0,0,0,0,0,0,0,0,0,4,8,0
C:\Users\abhi\Downloads\Files\react_native_datePicker\react_native_date_picker\android\src\main\java\com\henninghall\date_picker\pickers\Picker.java,com.henninghall.date_picker.pickers.Picker,interface,4,22,18,4,19,1,0,0,171,0,0,0,19,0,0,0,0,19,19,0,0,0,0,0,0,0,0,0,0,0,0,28,0,0,0,0,0,0,0,0,0,0,0,0,2,0,37,1,0
C:\Users\abhi\Downloads\Files\react_native_datePicker\react_native_date_picker\android\src\main\java\com\henninghall\date_picker\wheelFunctions\UpdateVisibility.java,com.henninghall.date_picker.wheelFunctions.UpdateVisibility,class,2,3,1,2,1,1,0,1,0,0,NaN,NaN,1,0,1,0,0,0,1,0,0,0,0,0,0,0,0,0,0,0,0,5,0,0,0,0,0,0,0,0,0,0,0,0,0,0,6,1,0
C:\Users\abhi\Downloads\Files\react_native_datePicker\react_native_date_picker\android\src\main\java\com\henninghall\date_picker\ui\WheelScroller.java,com.henninghall.date_picker.ui.WheelScroller,class,2,3,1,2,3,1,0,4,0,0,NaN,NaN,1,0,1,0,0,0,1,0,0,0,0,0,0,0,0,0,0,0,0,12,0,0,0,0,1,0,1,5,3,5,1,0,0,0,13,1,0
C:\Users\abhi\Downloads\Files\react_native_datePicker\react_native_date_picker\examples\Rn069\android\app\src\main\java\com\rn069\MainActivity.java,com.rn069.MainActivity$MainActivityDelegate,innerclass,3,3,0,3,3,2,0,2,3,0,0,0,3,0,1,0,2,0,3,0,0,0,0,0,0,0,0,0,0,0,0,13,2,0,0,0,0,0,0,1,0,1,0,0,0,0,16,9,0
C:\Users\abhi\Downloads\Files\react_native_datePicker\react_native_date_picker\examples\Rn071\android\app\src\main\java\com\rn071\MainActivity.java,com.rn071.MainActivity,class,4,5,1,4,2,2,0,3,1,0,0,0,2,0,0,0,2,0,2,0,0,0,0,0,0,0,0,0,0,0,0,8,2,0,0,0,0,1,0,0,0,0,0,0,0,0,40,1,0
C:\Users\abhi\Downloads\Files\react_native_datePicker\react_native_date_picker\android\src\main\java\com\henninghall\date_picker\ui\UIManager.java,com.henninghall.date_picker.ui.UIManager,class,16,19,3,16,14,1,0,16,0,0.6571429,0.75641024,0.84615386,14,0,10,1,0,3,13,0,0,0,5,0,0,5,0,0,2,0,0,55,2,0,0,0,0,0,0,6,0,6,0,0,0,0,50,1,0
C:\Users\abhi\Downloads\Files\react_native_datePicker\react_native_date_picker\android\src\oldarch\java\com\henninghall\date_picker\DatePickerModule.java,DatePickerModule,class,5,5,0,5,6,1,0,2,9,0.5,0,0,6,0,5,0,0,1,6,0,0,0,1,0,0,1,0,0,1,0,0,20,1,0,0,0,0,0,0,1,0,1,0,0,0,0,25,1,0
C:\Users\abhi\Downloads\Files\react_native_datePicker\react_native_date_picker\android\src\main\java\com\henninghall\date_picker\props\LocaleProp.java,com.henninghall.date_picker.props.LocaleProp,class,4,6,2,4,6,2,0,8,8,0.8,0.33333334,0.33333334,5,2,3,2,0,0,3,0,0,0,2,1,1,1,0,0,1,0,6,20,4,0,0,0,0,2,0,3,0,2,0,0,0,0,12,1,0
C:\Users\abhi\Downloads\Files\react_native_datePicker\react_native_date_picker\android\src\main\java\com\henninghall\date_picker\generated\NumberPicker.java,com.henninghall.date_picker.generated.NumberPicker$Formatter,interface,0,0,0,0,1,1,0,0,0,0,NaN,NaN,1,0,1,0,0,0,1,0,0,0,0,0,0,0,0,0,0,0,0,3,0,0,0,0,0,0,0,0,0,0,0,0,0,0,19,1,0
C:\Users\abhi\Downloads\Files\react_native_datePicker\react_native_date_picker\android\src\main\java\com\henninghall\date_picker\generated\NumberPicker.java,com.henninghall.date_picker.generated.NumberPicker$PressedStateHelper,innerclass,1,1,0,1,14,1,0,9,0,0.41666666,1,1,4,0,4,0,0,0,4,0,0,0,6,2,2,4,0,0,4,0,0,77,0,0,0,0,0,0,15,16,0,6,3,0,0,0,35,0,0
C:\Users\abhi\Downloads\Files\react_native_datePicker\react_native_date_picker\android\src\main\java\com\henninghall\date_picker\props\Prop.java,com.henninghall.date_picker.props.Prop,class,3,17,14,3,5,1,0,1,0,0.2,0.6,0.6,5,0,4,0,0,1,5,1,0,0,1,0,0,1,0,0,0,0,0,15,1,0,0,0,0,0,0,2,0,1,0,0,0,0,9,1025,0