"Problem","Package","File","Priority","Line","Description","Rule set","Rule"
"1","org.eclipse.jdt.ls.core.internal","C:\User\abhi\MetricsCK\eclipse_jdtls\eclipse.jdt.ls\org.eclipse.jdt.ls.core\src\org\eclipse\jdt\ls\core\internal\AbstractProjectImporter.java","4","34","Unnecessary qualifier 'java.nio.file': 'Path' is already in scope because it is imported in this file","Code Style","UnnecessaryFullyQualifiedName"
"1","org.eclipse.jdt.ls.core.internal","C:\User\abhi\MetricsCK\eclipse_jdtls\eclipse.jdt.ls\org.eclipse.jdt.ls.core\src\org\eclipse\jdt\ls\core\internal\DependencyUtil.java","3","72","Avoid empty catch blocks","Error Prone","EmptyCatchBlock"
"1","org.eclipse.jdt.ls.core.internal","C:\User\abhi\MetricsCK\eclipse_jdtls\eclipse.jdt.ls\org.eclipse.jdt.ls.core\src\org\eclipse\jdt\ls\core\internal\DocumentAdapter.java","3","117","Avoid empty catch blocks","Error Prone","EmptyCatchBlock"
"2","org.eclipse.jdt.ls.core.internal","C:\User\abhi\MetricsCK\eclipse_jdtls\eclipse.jdt.ls\org.eclipse.jdt.ls.core\src\org\eclipse\jdt\ls\core\internal\DocumentAdapter.java","3","136","Avoid empty catch blocks","Error Prone","EmptyCatchBlock"
"3","org.eclipse.jdt.ls.core.internal","C:\User\abhi\MetricsCK\eclipse_jdtls\eclipse.jdt.ls\org.eclipse.jdt.ls.core\src\org\eclipse\jdt\ls\core\internal\DocumentAdapter.java","3","190","Avoid empty catch blocks","Error Prone","EmptyCatchBlock"
"1","org.eclipse.jdt.ls.core.internal","C:\User\abhi\MetricsCK\eclipse_jdtls\eclipse.jdt.ls\org.eclipse.jdt.ls.core\src\org\eclipse\jdt\ls\core\internal\HoverInfoProvider.java","3","240","Avoid empty catch blocks","Error Prone","EmptyCatchBlock"
"2","org.eclipse.jdt.ls.core.internal","C:\User\abhi\MetricsCK\eclipse_jdtls\eclipse.jdt.ls\org.eclipse.jdt.ls.core\src\org\eclipse\jdt\ls\core\internal\HoverInfoProvider.java","3","263","Avoid empty catch blocks","Error Prone","EmptyCatchBlock"
"3","org.eclipse.jdt.ls.core.internal","C:\User\abhi\MetricsCK\eclipse_jdtls\eclipse.jdt.ls\org.eclipse.jdt.ls.core\src\org\eclipse\jdt\ls\core\internal\HoverInfoProvider.java","3","282","Avoid empty catch blocks","Error Prone","EmptyCatchBlock"
"1","org.eclipse.jdt.ls.core.internal","C:\User\abhi\MetricsCK\eclipse_jdtls\eclipse.jdt.ls\org.eclipse.jdt.ls.core\src\org\eclipse\jdt\ls\core\internal\JDTUtils.java","4","265","Unnecessary qualifier 'java.nio.file': 'Files' is already in scope because it is imported in this file","Code Style","UnnecessaryFullyQualifiedName"
"2","org.eclipse.jdt.ls.core.internal","C:\User\abhi\MetricsCK\eclipse_jdtls\eclipse.jdt.ls\org.eclipse.jdt.ls.core\src\org\eclipse\jdt\ls\core\internal\JDTUtils.java","3","481","Avoid empty catch blocks","Error Prone","EmptyCatchBlock"
"3","org.eclipse.jdt.ls.core.internal","C:\User\abhi\MetricsCK\eclipse_jdtls\eclipse.jdt.ls\org.eclipse.jdt.ls.core\src\org\eclipse\jdt\ls\core\internal\JDTUtils.java","3","868","Avoid empty catch blocks","Error Prone","EmptyCatchBlock"
"4","org.eclipse.jdt.ls.core.internal","C:\User\abhi\MetricsCK\eclipse_jdtls\eclipse.jdt.ls\org.eclipse.jdt.ls.core\src\org\eclipse\jdt\ls\core\internal\JDTUtils.java","3","1080","Avoid empty catch blocks","Error Prone","EmptyCatchBlock"
"5","org.eclipse.jdt.ls.core.internal","C:\User\abhi\MetricsCK\eclipse_jdtls\eclipse.jdt.ls\org.eclipse.jdt.ls.core\src\org\eclipse\jdt\ls\core\internal\JDTUtils.java","4","1092","Unnecessary qualifier 'JDTUtils': 'findFile' is already in scope","Code Style","UnnecessaryFullyQualifiedName"
"6","org.eclipse.jdt.ls.core.internal","C:\User\abhi\MetricsCK\eclipse_jdtls\eclipse.jdt.ls\org.eclipse.jdt.ls.core\src\org\eclipse\jdt\ls\core\internal\JDTUtils.java","3","1184","Avoid empty catch blocks","Error Prone","EmptyCatchBlock"
"7","org.eclipse.jdt.ls.core.internal","C:\User\abhi\MetricsCK\eclipse_jdtls\eclipse.jdt.ls\org.eclipse.jdt.ls.core\src\org\eclipse\jdt\ls\core\internal\JDTUtils.java","3","1261","Avoid empty catch blocks","Error Prone","EmptyCatchBlock"
"8","org.eclipse.jdt.ls.core.internal","C:\User\abhi\MetricsCK\eclipse_jdtls\eclipse.jdt.ls\org.eclipse.jdt.ls.core\src\org\eclipse\jdt\ls\core\internal\JDTUtils.java","3","1385","Avoid empty catch blocks","Error Prone","EmptyCatchBlock"
"9","org.eclipse.jdt.ls.core.internal","C:\User\abhi\MetricsCK\eclipse_jdtls\eclipse.jdt.ls\org.eclipse.jdt.ls.core\src\org\eclipse\jdt\ls\core\internal\JDTUtils.java","3","1440","Avoid empty catch blocks","Error Prone","EmptyCatchBlock"
"10","org.eclipse.jdt.ls.core.internal","C:\User\abhi\MetricsCK\eclipse_jdtls\eclipse.jdt.ls\org.eclipse.jdt.ls.core\src\org\eclipse\jdt\ls\core\internal\JDTUtils.java","4","1746","Unnecessary qualifier 'JDTUtils': 'toUri' is already in scope","Code Style","UnnecessaryFullyQualifiedName"
"11","org.eclipse.jdt.ls.core.internal","C:\User\abhi\MetricsCK\eclipse_jdtls\eclipse.jdt.ls\org.eclipse.jdt.ls.core\src\org\eclipse\jdt\ls\core\internal\JDTUtils.java","4","1790","Unnecessary qualifier 'JDTUtils': 'toLocation' is already in scope","Code Style","UnnecessaryFullyQualifiedName"
"12","org.eclipse.jdt.ls.core.internal","C:\User\abhi\MetricsCK\eclipse_jdtls\eclipse.jdt.ls\org.eclipse.jdt.ls.core\src\org\eclipse\jdt\ls\core\internal\JDTUtils.java","3","1851","Avoid empty catch blocks","Error Prone","EmptyCatchBlock"
"1","org.eclipse.jdt.ls.core.internal","C:\User\abhi\MetricsCK\eclipse_jdtls\eclipse.jdt.ls\org.eclipse.jdt.ls.core\src\org\eclipse\jdt\ls\core\internal\JavaLanguageServerPlugin.java","4","138","Unnecessary qualifier 'JavaLanguageServerPlugin': 'context' is already in scope because it is declared in an enclosing type","Code Style","UnnecessaryFullyQualifiedName"
"2","org.eclipse.jdt.ls.core.internal","C:\User\abhi\MetricsCK\eclipse_jdtls\eclipse.jdt.ls\org.eclipse.jdt.ls.core\src\org\eclipse\jdt\ls\core\internal\JavaLanguageServerPlugin.java","4","148","Unnecessary qualifier 'JavaLanguageServerPlugin': 'context' is already in scope because it is declared in an enclosing type","Code Style","UnnecessaryFullyQualifiedName"
"3","org.eclipse.jdt.ls.core.internal","C:\User\abhi\MetricsCK\eclipse_jdtls\eclipse.jdt.ls\org.eclipse.jdt.ls.core\src\org\eclipse\jdt\ls\core\internal\JavaLanguageServerPlugin.java","4","149","Unnecessary qualifier 'JavaLanguageServerPlugin': 'pluginInstance' is already in scope because it is declared in an enclosing type","Code Style","UnnecessaryFullyQualifiedName"
"4","org.eclipse.jdt.ls.core.internal","C:\User\abhi\MetricsCK\eclipse_jdtls\eclipse.jdt.ls\org.eclipse.jdt.ls.core\src\org\eclipse\jdt\ls\core\internal\JavaLanguageServerPlugin.java","4","183","Unnecessary qualifier 'JavaLanguageServerPlugin': 'logException' is already in scope","Code Style","UnnecessaryFullyQualifiedName"
"5","org.eclipse.jdt.ls.core.internal","C:\User\abhi\MetricsCK\eclipse_jdtls\eclipse.jdt.ls\org.eclipse.jdt.ls.core\src\org\eclipse\jdt\ls\core\internal\JavaLanguageServerPlugin.java","4","200","Unnecessary qualifier 'JavaLanguageServerPlugin': 'logException' is already in scope","Code Style","UnnecessaryFullyQualifiedName"
"6","org.eclipse.jdt.ls.core.internal","C:\User\abhi\MetricsCK\eclipse_jdtls\eclipse.jdt.ls\org.eclipse.jdt.ls.core\src\org\eclipse\jdt\ls\core\internal\JavaLanguageServerPlugin.java","4","371","Unnecessary qualifier 'JavaLanguageServerPlugin': 'pluginInstance' is already in scope because it is declared in an enclosing type","Code Style","UnnecessaryFullyQualifiedName"
"7","org.eclipse.jdt.ls.core.internal","C:\User\abhi\MetricsCK\eclipse_jdtls\eclipse.jdt.ls\org.eclipse.jdt.ls.core\src\org\eclipse\jdt\ls\core\internal\JavaLanguageServerPlugin.java","4","372","Unnecessary qualifier 'JavaLanguageServerPlugin': 'context' is already in scope because it is declared in an enclosing type","Code Style","UnnecessaryFullyQualifiedName"
"8","org.eclipse.jdt.ls.core.internal","C:\User\abhi\MetricsCK\eclipse_jdtls\eclipse.jdt.ls\org.eclipse.jdt.ls.core\src\org\eclipse\jdt\ls\core\internal\JavaLanguageServerPlugin.java","4","393","Unnecessary qualifier 'JavaLanguageServerPlugin': 'context' is already in scope because it is declared in an enclosing type","Code Style","UnnecessaryFullyQualifiedName"
"9","org.eclipse.jdt.ls.core.internal","C:\User\abhi\MetricsCK\eclipse_jdtls\eclipse.jdt.ls\org.eclipse.jdt.ls.core\src\org\eclipse\jdt\ls\core\internal\JavaLanguageServerPlugin.java","4","477","Unnecessary qualifier 'JavaLanguageServerPlugin': 'pluginInstance' is already in scope because it is declared in an enclosing type","Code Style","UnnecessaryFullyQualifiedName"
"10","org.eclipse.jdt.ls.core.internal","C:\User\abhi\MetricsCK\eclipse_jdtls\eclipse.jdt.ls\org.eclipse.jdt.ls.core\src\org\eclipse\jdt\ls\core\internal\JavaLanguageServerPlugin.java","4","478","Unnecessary qualifier 'JavaLanguageServerPlugin': 'pluginInstance' is already in scope because it is declared in an enclosing type","Code Style","UnnecessaryFullyQualifiedName"
"1","org.eclipse.jdt.ls.core.internal","C:\User\abhi\MetricsCK\eclipse_jdtls\eclipse.jdt.ls\org.eclipse.jdt.ls.core\src\org\eclipse\jdt\ls\core\internal\JobHelpers.java","3","101","Avoid empty catch blocks","Error Prone","EmptyCatchBlock"
"2","org.eclipse.jdt.ls.core.internal","C:\User\abhi\MetricsCK\eclipse_jdtls\eclipse.jdt.ls\org.eclipse.jdt.ls.core\src\org\eclipse\jdt\ls\core\internal\JobHelpers.java","3","199","Avoid empty catch blocks","Error Prone","EmptyCatchBlock"
"3","org.eclipse.jdt.ls.core.internal","C:\User\abhi\MetricsCK\eclipse_jdtls\eclipse.jdt.ls\org.eclipse.jdt.ls.core\src\org\eclipse\jdt\ls\core\internal\JobHelpers.java","3","218","Avoid empty catch blocks","Error Prone","EmptyCatchBlock"
"1","org.eclipse.jdt.ls.core.internal","C:\User\abhi\MetricsCK\eclipse_jdtls\eclipse.jdt.ls\org.eclipse.jdt.ls.core\src\org\eclipse\jdt\ls\core\internal\LogReader.java","3","54","Avoid empty catch blocks","Error Prone","EmptyCatchBlock"
"2","org.eclipse.jdt.ls.core.internal","C:\User\abhi\MetricsCK\eclipse_jdtls\eclipse.jdt.ls\org.eclipse.jdt.ls.core\src\org\eclipse\jdt\ls\core\internal\LogReader.java","3","136","Avoid empty catch blocks","Error Prone","EmptyCatchBlock"
"3","org.eclipse.jdt.ls.core.internal","C:\User\abhi\MetricsCK\eclipse_jdtls\eclipse.jdt.ls\org.eclipse.jdt.ls.core\src\org\eclipse\jdt\ls\core\internal\LogReader.java","3","150","Avoid empty catch blocks","Error Prone","EmptyCatchBlock"
"4","org.eclipse.jdt.ls.core.internal","C:\User\abhi\MetricsCK\eclipse_jdtls\eclipse.jdt.ls\org.eclipse.jdt.ls.core\src\org\eclipse\jdt\ls\core\internal\LogReader.java","3","171","Avoid empty catch blocks","Error Prone","EmptyCatchBlock"
"5","org.eclipse.jdt.ls.core.internal","C:\User\abhi\MetricsCK\eclipse_jdtls\eclipse.jdt.ls\org.eclipse.jdt.ls.core\src\org\eclipse\jdt\ls\core\internal\LogReader.java","3","264","Avoid empty catch blocks","Error Prone","EmptyCatchBlock"
"1","org.eclipse.jdt.ls.core.internal","C:\User\abhi\MetricsCK\eclipse_jdtls\eclipse.jdt.ls\org.eclipse.jdt.ls.core\src\org\eclipse\jdt\ls\core\internal\ParentProcessWatcher.java","3","130","Avoid empty catch blocks","Error Prone","EmptyCatchBlock"
"1","org.eclipse.jdt.ls.core.internal","C:\User\abhi\MetricsCK\eclipse_jdtls\eclipse.jdt.ls\org.eclipse.jdt.ls.core\src\org\eclipse\jdt\ls\core\internal\ProjectUtils.java","4","349","Unnecessary qualifier 'ProjectUtils': 'getWorkspaceInvisibleProjectName' is already in scope","Code Style","UnnecessaryFullyQualifiedName"
"2","org.eclipse.jdt.ls.core.internal","C:\User\abhi\MetricsCK\eclipse_jdtls\eclipse.jdt.ls\org.eclipse.jdt.ls.core\src\org\eclipse\jdt\ls\core\internal\ProjectUtils.java","4","354","Unnecessary qualifier 'ProjectUtils': 'WORKSPACE_LINK' is already in scope because it is declared in an enclosing type","Code Style","UnnecessaryFullyQualifiedName"
"3","org.eclipse.jdt.ls.core.internal","C:\User\abhi\MetricsCK\eclipse_jdtls\eclipse.jdt.ls\org.eclipse.jdt.ls.core\src\org\eclipse\jdt\ls\core\internal\ProjectUtils.java","4","385","Unnecessary qualifier 'ProjectUtils': 'WORKSPACE_LINK' is already in scope because it is declared in an enclosing type","Code Style","UnnecessaryFullyQualifiedName"
"4","org.eclipse.jdt.ls.core.internal","C:\User\abhi\MetricsCK\eclipse_jdtls\eclipse.jdt.ls\org.eclipse.jdt.ls.core\src\org\eclipse\jdt\ls\core\internal\ProjectUtils.java","4","545","Unnecessary qualifier 'ProjectUtils': 'isJavaProject' is already in scope","Code Style","UnnecessaryFullyQualifiedName"
"5","org.eclipse.jdt.ls.core.internal","C:\User\abhi\MetricsCK\eclipse_jdtls\eclipse.jdt.ls\org.eclipse.jdt.ls.core\src\org\eclipse\jdt\ls\core\internal\ProjectUtils.java","4","572","Unnecessary qualifier 'ProjectUtils': 'getAllProjects' is already in scope","Code Style","UnnecessaryFullyQualifiedName"
"6","org.eclipse.jdt.ls.core.internal","C:\User\abhi\MetricsCK\eclipse_jdtls\eclipse.jdt.ls\org.eclipse.jdt.ls.core\src\org\eclipse\jdt\ls\core\internal\ProjectUtils.java","3","587","Avoid empty catch blocks","Error Prone","EmptyCatchBlock"
"7","org.eclipse.jdt.ls.core.internal","C:\User\abhi\MetricsCK\eclipse_jdtls\eclipse.jdt.ls\org.eclipse.jdt.ls.core\src\org\eclipse\jdt\ls\core\internal\ProjectUtils.java","4","605","Unnecessary qualifier 'ProjectUtils': 'isMavenProject' is already in scope","Code Style","UnnecessaryFullyQualifiedName"
"8","org.eclipse.jdt.ls.core.internal","C:\User\abhi\MetricsCK\eclipse_jdtls\eclipse.jdt.ls\org.eclipse.jdt.ls.core\src\org\eclipse\jdt\ls\core\internal\ProjectUtils.java","4","607","Unnecessary qualifier 'ProjectUtils': 'isGradleProject' is already in scope","Code Style","UnnecessaryFullyQualifiedName"
"1","org.eclipse.jdt.ls.core.internal","C:\User\abhi\MetricsCK\eclipse_jdtls\eclipse.jdt.ls\org.eclipse.jdt.ls.core\src\org\eclipse\jdt\ls\core\internal\ResourceUtils.java","3","325","Prefer StringBuilder (non-synchronized) or StringBuffer (synchronized) over += for concatenating strings","Performance","UseStringBufferForStringAppends"
"2","org.eclipse.jdt.ls.core.internal","C:\User\abhi\MetricsCK\eclipse_jdtls\eclipse.jdt.ls\org.eclipse.jdt.ls.core\src\org\eclipse\jdt\ls\core\internal\ResourceUtils.java","3","327","Prefer StringBuilder (non-synchronized) or StringBuffer (synchronized) over += for concatenating strings","Performance","UseStringBufferForStringAppends"
"1","org.eclipse.jdt.ls.core.internal.cleanup","C:\User\abhi\MetricsCK\eclipse_jdtls\eclipse.jdt.ls\org.eclipse.jdt.ls.core\src\org\eclipse\jdt\ls\core\internal\cleanup\CleanUpRegistry.java","3","138","Avoid empty catch blocks","Error Prone","EmptyCatchBlock"
"1","org.eclipse.jdt.ls.core.internal.commands","C:\User\abhi\MetricsCK\eclipse_jdtls\eclipse.jdt.ls\org.eclipse.jdt.ls.core\src\org\eclipse\jdt\ls\core\internal\commands\ProjectCommand.java","4","616","Unnecessary qualifier 'ProjectCommand': 'getJavaProjectFromUri' is already in scope","Code Style","UnnecessaryFullyQualifiedName"
"1","org.eclipse.jdt.ls.core.internal.commands","C:\User\abhi\MetricsCK\eclipse_jdtls\eclipse.jdt.ls\org.eclipse.jdt.ls.core\src\org\eclipse\jdt\ls\core\internal\commands\SourceAttachmentCommand.java","3","97","Avoid empty catch blocks","Error Prone","EmptyCatchBlock"
"1","org.eclipse.jdt.ls.core.internal.commands","C:\User\abhi\MetricsCK\eclipse_jdtls\eclipse.jdt.ls\org.eclipse.jdt.ls.core\src\org\eclipse\jdt\ls\core\internal\commands\TypeHierarchyCommand.java","4","113","Unnecessary qualifier 'TypeHierarchyCommand': 'toTypeHierarchyItem' is already in scope","Code Style","UnnecessaryFullyQualifiedName"
"2","org.eclipse.jdt.ls.core.internal.commands","C:\User\abhi\MetricsCK\eclipse_jdtls\eclipse.jdt.ls\org.eclipse.jdt.ls.core\src\org\eclipse\jdt\ls\core\internal\commands\TypeHierarchyCommand.java","4","240","Unnecessary qualifier 'TypeHierarchyCommand': 'toTypeHierarchyItem' is already in scope","Code Style","UnnecessaryFullyQualifiedName"
"3","org.eclipse.jdt.ls.core.internal.commands","C:\User\abhi\MetricsCK\eclipse_jdtls\eclipse.jdt.ls\org.eclipse.jdt.ls.core\src\org\eclipse\jdt\ls\core\internal\commands\TypeHierarchyCommand.java","4","242","Unnecessary qualifier 'TypeHierarchyCommand': 'toTypeHierarchyItem' is already in scope","Code Style","UnnecessaryFullyQualifiedName"
"4","org.eclipse.jdt.ls.core.internal.commands","C:\User\abhi\MetricsCK\eclipse_jdtls\eclipse.jdt.ls\org.eclipse.jdt.ls.core\src\org\eclipse\jdt\ls\core\internal\commands\TypeHierarchyCommand.java","4","265","Unnecessary qualifier 'TypeHierarchyCommand': 'toTypeHierarchyItem' is already in scope","Code Style","UnnecessaryFullyQualifiedName"
"5","org.eclipse.jdt.ls.core.internal.commands","C:\User\abhi\MetricsCK\eclipse_jdtls\eclipse.jdt.ls\org.eclipse.jdt.ls.core\src\org\eclipse\jdt\ls\core\internal\commands\TypeHierarchyCommand.java","4","268","Unnecessary qualifier 'TypeHierarchyCommand': 'toTypeHierarchyItem' is already in scope","Code Style","UnnecessaryFullyQualifiedName"
"1","org.eclipse.jdt.ls.core.internal.contentassist","C:\User\abhi\MetricsCK\eclipse_jdtls\eclipse.jdt.ls\org.eclipse.jdt.ls.core\src\org\eclipse\jdt\ls\core\internal\contentassist\ChainCompletionProposalComputer.java","3","131","Avoid empty catch blocks","Error Prone","EmptyCatchBlock"
"2","org.eclipse.jdt.ls.core.internal.contentassist","C:\User\abhi\MetricsCK\eclipse_jdtls\eclipse.jdt.ls\org.eclipse.jdt.ls.core\src\org\eclipse\jdt\ls\core\internal\contentassist\ChainCompletionProposalComputer.java","3","156","Avoid empty catch blocks","Error Prone","EmptyCatchBlock"
"3","org.eclipse.jdt.ls.core.internal.contentassist","C:\User\abhi\MetricsCK\eclipse_jdtls\eclipse.jdt.ls\org.eclipse.jdt.ls.core\src\org\eclipse\jdt\ls\core\internal\contentassist\ChainCompletionProposalComputer.java","3","199","Avoid empty catch blocks","Error Prone","EmptyCatchBlock"
"4","org.eclipse.jdt.ls.core.internal.contentassist","C:\User\abhi\MetricsCK\eclipse_jdtls\eclipse.jdt.ls\org.eclipse.jdt.ls.core\src\org\eclipse\jdt\ls\core\internal\contentassist\ChainCompletionProposalComputer.java","3","510","Avoid empty catch blocks","Error Prone","EmptyCatchBlock"
"1","org.eclipse.jdt.ls.core.internal.contentassist","C:\User\abhi\MetricsCK\eclipse_jdtls\eclipse.jdt.ls\org.eclipse.jdt.ls.core\src\org\eclipse\jdt\ls\core\internal\contentassist\CompletionProposalDescriptionProvider.java","3","804","Avoid empty catch blocks","Error Prone","EmptyCatchBlock"
"1","org.eclipse.jdt.ls.core.internal.contentassist","C:\User\abhi\MetricsCK\eclipse_jdtls\eclipse.jdt.ls\org.eclipse.jdt.ls.core\src\org\eclipse\jdt\ls\core\internal\contentassist\CompletionProposalReplacementProvider.java","3","1102","Avoid empty catch blocks","Error Prone","EmptyCatchBlock"
"1","org.eclipse.jdt.ls.core.internal.contentassist","C:\User\abhi\MetricsCK\eclipse_jdtls\eclipse.jdt.ls\org.eclipse.jdt.ls.core\src\org\eclipse\jdt\ls\core\internal\contentassist\CompletionProposalRequestor.java","3","222","Avoid empty catch blocks","Error Prone","EmptyCatchBlock"
"2","org.eclipse.jdt.ls.core.internal.contentassist","C:\User\abhi\MetricsCK\eclipse_jdtls\eclipse.jdt.ls\org.eclipse.jdt.ls.core\src\org\eclipse\jdt\ls\core\internal\contentassist\CompletionProposalRequestor.java","3","334","Avoid empty catch blocks","Error Prone","EmptyCatchBlock"
"1","org.eclipse.jdt.ls.core.internal.contentassist","C:\User\abhi\MetricsCK\eclipse_jdtls\eclipse.jdt.ls\org.eclipse.jdt.ls.core\src\org\eclipse\jdt\ls\core\internal\contentassist\CompletionProposalUtils.java","3","84","Avoid empty catch blocks","Error Prone","EmptyCatchBlock"
"1","org.eclipse.jdt.ls.core.internal.contentassist","C:\User\abhi\MetricsCK\eclipse_jdtls\eclipse.jdt.ls\org.eclipse.jdt.ls.core\src\org\eclipse\jdt\ls\core\internal\contentassist\JavadocCompletionProposal.java","3","105","Avoid empty catch blocks","Error Prone","EmptyCatchBlock"
"2","org.eclipse.jdt.ls.core.internal.contentassist","C:\User\abhi\MetricsCK\eclipse_jdtls\eclipse.jdt.ls\org.eclipse.jdt.ls.core\src\org\eclipse\jdt\ls\core\internal\contentassist\JavadocCompletionProposal.java","3","132","Avoid empty catch blocks","Error Prone","EmptyCatchBlock"
"1","org.eclipse.jdt.ls.core.internal.contentassist","C:\User\abhi\MetricsCK\eclipse_jdtls\eclipse.jdt.ls\org.eclipse.jdt.ls.core\src\org\eclipse\jdt\ls\core\internal\contentassist\SignatureHelpRequestor.java","3","220","Avoid empty catch blocks","Error Prone","EmptyCatchBlock"
"1","org.eclipse.jdt.ls.core.internal.contentassist","C:\User\abhi\MetricsCK\eclipse_jdtls\eclipse.jdt.ls\org.eclipse.jdt.ls.core\src\org\eclipse\jdt\ls\core\internal\contentassist\SnippetCompletionProposal.java","3","154","Avoid empty catch blocks","Error Prone","EmptyCatchBlock"
"2","org.eclipse.jdt.ls.core.internal.contentassist","C:\User\abhi\MetricsCK\eclipse_jdtls\eclipse.jdt.ls\org.eclipse.jdt.ls.core\src\org\eclipse\jdt\ls\core\internal\contentassist\SnippetCompletionProposal.java","4","380","Unnecessary qualifier 'SnippetCompletionProposal': 'evaluateGenericTemplate' is already in scope","Code Style","UnnecessaryFullyQualifiedName"
"3","org.eclipse.jdt.ls.core.internal.contentassist","C:\User\abhi\MetricsCK\eclipse_jdtls\eclipse.jdt.ls\org.eclipse.jdt.ls.core\src\org\eclipse\jdt\ls\core\internal\contentassist\SnippetCompletionProposal.java","3","479","Avoid empty catch blocks","Error Prone","EmptyCatchBlock"
"1","org.eclipse.jdt.ls.core.internal.corext.refactoring.code","C:\User\abhi\MetricsCK\eclipse_jdtls\eclipse.jdt.ls\org.eclipse.jdt.ls.core\src\org\eclipse\jdt\ls\core\internal\corext\refactoring\code\ExtractFieldRefactoring.java","3","615","Avoid empty catch blocks","Error Prone","EmptyCatchBlock"
"2","org.eclipse.jdt.ls.core.internal.corext.refactoring.code","C:\User\abhi\MetricsCK\eclipse_jdtls\eclipse.jdt.ls\org.eclipse.jdt.ls.core\src\org\eclipse\jdt\ls\core\internal\corext\refactoring\code\ExtractFieldRefactoring.java","3","640","Avoid empty catch blocks","Error Prone","EmptyCatchBlock"
"3","org.eclipse.jdt.ls.core.internal.corext.refactoring.code","C:\User\abhi\MetricsCK\eclipse_jdtls\eclipse.jdt.ls\org.eclipse.jdt.ls.core\src\org\eclipse\jdt\ls\core\internal\corext\refactoring\code\ExtractFieldRefactoring.java","3","663","Avoid empty catch blocks","Error Prone","EmptyCatchBlock"
"4","org.eclipse.jdt.ls.core.internal.corext.refactoring.code","C:\User\abhi\MetricsCK\eclipse_jdtls\eclipse.jdt.ls\org.eclipse.jdt.ls.core\src\org\eclipse\jdt\ls\core\internal\corext\refactoring\code\ExtractFieldRefactoring.java","3","964","Avoid empty catch blocks","Error Prone","EmptyCatchBlock"
"5","org.eclipse.jdt.ls.core.internal.corext.refactoring.code","C:\User\abhi\MetricsCK\eclipse_jdtls\eclipse.jdt.ls\org.eclipse.jdt.ls.core\src\org\eclipse\jdt\ls\core\internal\corext\refactoring\code\ExtractFieldRefactoring.java","3","1169","Avoid empty catch blocks","Error Prone","EmptyCatchBlock"
"1","org.eclipse.jdt.ls.core.internal.corext.refactoring.rename","C:\User\abhi\MetricsCK\eclipse_jdtls\eclipse.jdt.ls\org.eclipse.jdt.ls.core\src\org\eclipse\jdt\ls\core\internal\corext\refactoring\rename\RenameSupport.java","4","172","Unnecessary qualifier 'RenameSupport': 'create' is already in scope","Code Style","UnnecessaryFullyQualifiedName"
"2","org.eclipse.jdt.ls.core.internal.corext.refactoring.rename","C:\User\abhi\MetricsCK\eclipse_jdtls\eclipse.jdt.ls\org.eclipse.jdt.ls.core\src\org\eclipse\jdt\ls\core\internal\corext\refactoring\rename\RenameSupport.java","4","174","Unnecessary qualifier 'RenameSupport': 'create' is already in scope","Code Style","UnnecessaryFullyQualifiedName"
"3","org.eclipse.jdt.ls.core.internal.corext.refactoring.rename","C:\User\abhi\MetricsCK\eclipse_jdtls\eclipse.jdt.ls\org.eclipse.jdt.ls.core\src\org\eclipse\jdt\ls\core\internal\corext\refactoring\rename\RenameSupport.java","4","176","Unnecessary qualifier 'RenameSupport': 'create' is already in scope","Code Style","UnnecessaryFullyQualifiedName"
"4","org.eclipse.jdt.ls.core.internal.corext.refactoring.rename","C:\User\abhi\MetricsCK\eclipse_jdtls\eclipse.jdt.ls\org.eclipse.jdt.ls.core\src\org\eclipse\jdt\ls\core\internal\corext\refactoring\rename\RenameSupport.java","4","182","Unnecessary qualifier 'RenameSupport': 'create' is already in scope","Code Style","UnnecessaryFullyQualifiedName"
"5","org.eclipse.jdt.ls.core.internal.corext.refactoring.rename","C:\User\abhi\MetricsCK\eclipse_jdtls\eclipse.jdt.ls\org.eclipse.jdt.ls.core\src\org\eclipse\jdt\ls\core\internal\corext\refactoring\rename\RenameSupport.java","4","185","Unnecessary qualifier 'RenameSupport': 'create' is already in scope","Code Style","UnnecessaryFullyQualifiedName"
"6","org.eclipse.jdt.ls.core.internal.corext.refactoring.rename","C:\User\abhi\MetricsCK\eclipse_jdtls\eclipse.jdt.ls\org.eclipse.jdt.ls.core\src\org\eclipse\jdt\ls\core\internal\corext\refactoring\rename\RenameSupport.java","4","187","Unnecessary qualifier 'RenameSupport': 'create' is already in scope","Code Style","UnnecessaryFullyQualifiedName"
"7","org.eclipse.jdt.ls.core.internal.corext.refactoring.rename","C:\User\abhi\MetricsCK\eclipse_jdtls\eclipse.jdt.ls\org.eclipse.jdt.ls.core\src\org\eclipse\jdt\ls\core\internal\corext\refactoring\rename\RenameSupport.java","4","189","Unnecessary qualifier 'RenameSupport': 'create' is already in scope","Code Style","UnnecessaryFullyQualifiedName"
"1","org.eclipse.jdt.ls.core.internal.corext.template.java","C:\User\abhi\MetricsCK\eclipse_jdtls\eclipse.jdt.ls\org.eclipse.jdt.ls.core\src\org\eclipse\jdt\ls\core\internal\corext\template\java\JavaContextType.java","4","70","Unnecessary qualifier 'JavaContextType': 'ID_ALL' is already in scope because it is declared in an enclosing type","Code Style","UnnecessaryFullyQualifiedName"
"2","org.eclipse.jdt.ls.core.internal.corext.template.java","C:\User\abhi\MetricsCK\eclipse_jdtls\eclipse.jdt.ls\org.eclipse.jdt.ls.core\src\org\eclipse\jdt\ls\core\internal\corext\template\java\JavaContextType.java","4","71","Unnecessary qualifier 'JavaContextType': 'ID_ALL' is already in scope because it is declared in an enclosing type","Code Style","UnnecessaryFullyQualifiedName"
"1","org.eclipse.jdt.ls.core.internal.corext.template.java","C:\User\abhi\MetricsCK\eclipse_jdtls\eclipse.jdt.ls\org.eclipse.jdt.ls.core\src\org\eclipse\jdt\ls\core\internal\corext\template\java\JavaPostfixContext.java","3","293","Avoid empty catch blocks","Error Prone","EmptyCatchBlock"
"2","org.eclipse.jdt.ls.core.internal.corext.template.java","C:\User\abhi\MetricsCK\eclipse_jdtls\eclipse.jdt.ls\org.eclipse.jdt.ls.core\src\org\eclipse\jdt\ls\core\internal\corext\template\java\JavaPostfixContext.java","4","313","Unnecessary qualifier 'JavaPostfixContext': 'CONTEXT_TYPE_ID' is already in scope because it is declared in an enclosing type","Code Style","UnnecessaryFullyQualifiedName"
"3","org.eclipse.jdt.ls.core.internal.corext.template.java","C:\User\abhi\MetricsCK\eclipse_jdtls\eclipse.jdt.ls\org.eclipse.jdt.ls.core\src\org\eclipse\jdt\ls\core\internal\corext\template\java\JavaPostfixContext.java","3","462","Avoid empty catch blocks","Error Prone","EmptyCatchBlock"
"4","org.eclipse.jdt.ls.core.internal.corext.template.java","C:\User\abhi\MetricsCK\eclipse_jdtls\eclipse.jdt.ls\org.eclipse.jdt.ls.core\src\org\eclipse\jdt\ls\core\internal\corext\template\java\JavaPostfixContext.java","3","538","Avoid empty catch blocks","Error Prone","EmptyCatchBlock"
"1","org.eclipse.jdt.ls.core.internal.corext.template.java","C:\User\abhi\MetricsCK\eclipse_jdtls\eclipse.jdt.ls\org.eclipse.jdt.ls.core\src\org\eclipse\jdt\ls\core\internal\corext\template\java\JavaPostfixContextType.java","4","61","Unnecessary qualifier 'JavaPostfixContextType': 'ID_ALL' is already in scope because it is declared in an enclosing type","Code Style","UnnecessaryFullyQualifiedName"
"2","org.eclipse.jdt.ls.core.internal.corext.template.java","C:\User\abhi\MetricsCK\eclipse_jdtls\eclipse.jdt.ls\org.eclipse.jdt.ls.core\src\org\eclipse\jdt\ls\core\internal\corext\template\java\JavaPostfixContextType.java","4","62","Unnecessary qualifier 'JavaPostfixContextType': 'ID_ALL' is already in scope because it is declared in an enclosing type","Code Style","UnnecessaryFullyQualifiedName"
"1","org.eclipse.jdt.ls.core.internal.corrections","C:\User\abhi\MetricsCK\eclipse_jdtls\eclipse.jdt.ls\org.eclipse.jdt.ls.core\src\org\eclipse\jdt\ls\core\internal\corrections\DiagnosticsHelper.java","4","66","Unnecessary qualifier 'DiagnosticsHelper': 'getStartOffset' is already in scope","Code Style","UnnecessaryFullyQualifiedName"
"2","org.eclipse.jdt.ls.core.internal.corrections","C:\User\abhi\MetricsCK\eclipse_jdtls\eclipse.jdt.ls\org.eclipse.jdt.ls.core\src\org\eclipse\jdt\ls\core\internal\corrections\DiagnosticsHelper.java","4","67","Unnecessary qualifier 'DiagnosticsHelper': 'getEndOffset' is already in scope","Code Style","UnnecessaryFullyQualifiedName"
"1","org.eclipse.jdt.ls.core.internal.corrections","C:\User\abhi\MetricsCK\eclipse_jdtls\eclipse.jdt.ls\org.eclipse.jdt.ls.core\src\org\eclipse\jdt\ls\core\internal\corrections\QuickFixProcessor.java","3","77","Avoid empty catch blocks","Error Prone","EmptyCatchBlock"
"1","org.eclipse.jdt.ls.core.internal.corrections","C:\User\abhi\MetricsCK\eclipse_jdtls\eclipse.jdt.ls\org.eclipse.jdt.ls.core\src\org\eclipse\jdt\ls\core\internal\corrections\UnInitializedFinalFieldSubProcessor.java","3","52","Avoid empty catch blocks","Error Prone","EmptyCatchBlock"
"1","org.eclipse.jdt.ls.core.internal.corrections.proposals","C:\User\abhi\MetricsCK\eclipse_jdtls\eclipse.jdt.ls\org.eclipse.jdt.ls.core\src\org\eclipse\jdt\ls\core\internal\corrections\proposals\LocalCorrectionsSubProcessor.java","3","1082","Avoid empty catch blocks","Error Prone","EmptyCatchBlock"
"2","org.eclipse.jdt.ls.core.internal.corrections.proposals","C:\User\abhi\MetricsCK\eclipse_jdtls\eclipse.jdt.ls\org.eclipse.jdt.ls.core\src\org\eclipse\jdt\ls\core\internal\corrections\proposals\LocalCorrectionsSubProcessor.java","3","1101","Avoid empty catch blocks","Error Prone","EmptyCatchBlock"
"3","org.eclipse.jdt.ls.core.internal.corrections.proposals","C:\User\abhi\MetricsCK\eclipse_jdtls\eclipse.jdt.ls\org.eclipse.jdt.ls.core\src\org\eclipse\jdt\ls\core\internal\corrections\proposals\LocalCorrectionsSubProcessor.java","3","1116","Avoid empty catch blocks","Error Prone","EmptyCatchBlock"
"1","org.eclipse.jdt.ls.core.internal.decompiler","C:\User\abhi\MetricsCK\eclipse_jdtls\eclipse.jdt.ls\org.eclipse.jdt.ls.core\src\org\eclipse\jdt\ls\core\internal\decompiler\FernFlowerDecompiler.java","3","186","Avoid empty catch blocks","Error Prone","EmptyCatchBlock"
"1","org.eclipse.jdt.ls.core.internal.handlers","C:\User\abhi\MetricsCK\eclipse_jdtls\eclipse.jdt.ls\org.eclipse.jdt.ls.core\src\org\eclipse\jdt\ls\core\internal\handlers\BaseDiagnosticsHandler.java","3","119","Avoid empty catch blocks","Error Prone","EmptyCatchBlock"
"1","org.eclipse.jdt.ls.core.internal.handlers","C:\User\abhi\MetricsCK\eclipse_jdtls\eclipse.jdt.ls\org.eclipse.jdt.ls.core\src\org\eclipse\jdt\ls\core\internal\handlers\BaseDocumentLifeCycleHandler.java","3","241","Avoid empty catch blocks","Error Prone","EmptyCatchBlock"
"2","org.eclipse.jdt.ls.core.internal.handlers","C:\User\abhi\MetricsCK\eclipse_jdtls\eclipse.jdt.ls\org.eclipse.jdt.ls.core\src\org\eclipse\jdt\ls\core\internal\handlers\BaseDocumentLifeCycleHandler.java","3","419","Avoid empty catch blocks","Error Prone","EmptyCatchBlock"
"1","org.eclipse.jdt.ls.core.internal.handlers","C:\User\abhi\MetricsCK\eclipse_jdtls\eclipse.jdt.ls\org.eclipse.jdt.ls.core\src\org\eclipse\jdt\ls\core\internal\handlers\CallHierarchyHandler.java","3","84","Avoid empty catch blocks","Error Prone","EmptyCatchBlock"
"2","org.eclipse.jdt.ls.core.internal.handlers","C:\User\abhi\MetricsCK\eclipse_jdtls\eclipse.jdt.ls\org.eclipse.jdt.ls.core\src\org\eclipse\jdt\ls\core\internal\handlers\CallHierarchyHandler.java","3","116","Avoid empty catch blocks","Error Prone","EmptyCatchBlock"
"3","org.eclipse.jdt.ls.core.internal.handlers","C:\User\abhi\MetricsCK\eclipse_jdtls\eclipse.jdt.ls\org.eclipse.jdt.ls.core\src\org\eclipse\jdt\ls\core\internal\handlers\CallHierarchyHandler.java","3","136","Avoid empty catch blocks","Error Prone","EmptyCatchBlock"
"1","org.eclipse.jdt.ls.core.internal.handlers","C:\User\abhi\MetricsCK\eclipse_jdtls\eclipse.jdt.ls\org.eclipse.jdt.ls.core\src\org\eclipse\jdt\ls\core\internal\handlers\CodeActionHandler.java","3","124","Avoid empty catch blocks","Error Prone","EmptyCatchBlock"
"2","org.eclipse.jdt.ls.core.internal.handlers","C:\User\abhi\MetricsCK\eclipse_jdtls\eclipse.jdt.ls\org.eclipse.jdt.ls.core\src\org\eclipse\jdt\ls\core\internal\handlers\CodeActionHandler.java","3","356","Avoid empty catch blocks","Error Prone","EmptyCatchBlock"
"1","org.eclipse.jdt.ls.core.internal.handlers","C:\User\abhi\MetricsCK\eclipse_jdtls\eclipse.jdt.ls\org.eclipse.jdt.ls.core\src\org\eclipse\jdt\ls\core\internal\handlers\CodeGenerationUtils.java","3","73","Avoid empty catch blocks","Error Prone","EmptyCatchBlock"
"2","org.eclipse.jdt.ls.core.internal.handlers","C:\User\abhi\MetricsCK\eclipse_jdtls\eclipse.jdt.ls\org.eclipse.jdt.ls.core\src\org\eclipse\jdt\ls\core\internal\handlers\CodeGenerationUtils.java","3","88","Avoid empty catch blocks","Error Prone","EmptyCatchBlock"
"3","org.eclipse.jdt.ls.core.internal.handlers","C:\User\abhi\MetricsCK\eclipse_jdtls\eclipse.jdt.ls\org.eclipse.jdt.ls.core\src\org\eclipse\jdt\ls\core\internal\handlers\CodeGenerationUtils.java","3","117","Avoid empty catch blocks","Error Prone","EmptyCatchBlock"
"1","org.eclipse.jdt.ls.core.internal.handlers","C:\User\abhi\MetricsCK\eclipse_jdtls\eclipse.jdt.ls\org.eclipse.jdt.ls.core\src\org\eclipse\jdt\ls\core\internal\handlers\CompletionGuessMethodArgumentsMode.java","3","40","Avoid empty catch blocks","Error Prone","EmptyCatchBlock"
"1","org.eclipse.jdt.ls.core.internal.handlers","C:\User\abhi\MetricsCK\eclipse_jdtls\eclipse.jdt.ls\org.eclipse.jdt.ls.core\src\org\eclipse\jdt\ls\core\internal\handlers\CompletionMatchCaseMode.java","3","33","Avoid empty catch blocks","Error Prone","EmptyCatchBlock"
"1","org.eclipse.jdt.ls.core.internal.handlers","C:\User\abhi\MetricsCK\eclipse_jdtls\eclipse.jdt.ls\org.eclipse.jdt.ls.core\src\org\eclipse\jdt\ls\core\internal\handlers\CompletionResolveHandler.java","3","213","Avoid empty catch blocks","Error Prone","EmptyCatchBlock"
"1","org.eclipse.jdt.ls.core.internal.handlers","C:\User\abhi\MetricsCK\eclipse_jdtls\eclipse.jdt.ls\org.eclipse.jdt.ls.core\src\org\eclipse\jdt\ls\core\internal\handlers\DocumentSymbolHandler.java","4","110","Unnecessary qualifier 'Collections': 'emptyList' is already in scope","Code Style","UnnecessaryFullyQualifiedName"
"2","org.eclipse.jdt.ls.core.internal.handlers","C:\User\abhi\MetricsCK\eclipse_jdtls\eclipse.jdt.ls\org.eclipse.jdt.ls.core\src\org\eclipse\jdt\ls\core\internal\handlers\DocumentSymbolHandler.java","4","200","Unnecessary qualifier 'Collectors': 'toList' is already in scope","Code Style","UnnecessaryFullyQualifiedName"
"3","org.eclipse.jdt.ls.core.internal.handlers","C:\User\abhi\MetricsCK\eclipse_jdtls\eclipse.jdt.ls\org.eclipse.jdt.ls.core\src\org\eclipse\jdt\ls\core\internal\handlers\DocumentSymbolHandler.java","4","266","Unnecessary qualifier 'Collectors': 'toList' is already in scope","Code Style","UnnecessaryFullyQualifiedName"
"4","org.eclipse.jdt.ls.core.internal.handlers","C:\User\abhi\MetricsCK\eclipse_jdtls\eclipse.jdt.ls\org.eclipse.jdt.ls.core\src\org\eclipse\jdt\ls\core\internal\handlers\DocumentSymbolHandler.java","3","340","Avoid empty catch blocks","Error Prone","EmptyCatchBlock"
"5","org.eclipse.jdt.ls.core.internal.handlers","C:\User\abhi\MetricsCK\eclipse_jdtls\eclipse.jdt.ls\org.eclipse.jdt.ls.core\src\org\eclipse\jdt\ls\core\internal\handlers\DocumentSymbolHandler.java","3","358","Avoid empty catch blocks","Error Prone","EmptyCatchBlock"
"6","org.eclipse.jdt.ls.core.internal.handlers","C:\User\abhi\MetricsCK\eclipse_jdtls\eclipse.jdt.ls\org.eclipse.jdt.ls.core\src\org\eclipse\jdt\ls\core\internal\handlers\DocumentSymbolHandler.java","3","401","Avoid empty catch blocks","Error Prone","EmptyCatchBlock"
"7","org.eclipse.jdt.ls.core.internal.handlers","C:\User\abhi\MetricsCK\eclipse_jdtls\eclipse.jdt.ls\org.eclipse.jdt.ls.core\src\org\eclipse\jdt\ls\core\internal\handlers\DocumentSymbolHandler.java","4","416","Unnecessary qualifier 'Collections': 'emptyList' is already in scope","Code Style","UnnecessaryFullyQualifiedName"
"8","org.eclipse.jdt.ls.core.internal.handlers","C:\User\abhi\MetricsCK\eclipse_jdtls\eclipse.jdt.ls\org.eclipse.jdt.ls.core\src\org\eclipse\jdt\ls\core\internal\handlers\DocumentSymbolHandler.java","4","420","Unnecessary qualifier 'Collections': 'emptyList' is already in scope","Code Style","UnnecessaryFullyQualifiedName"
"9","org.eclipse.jdt.ls.core.internal.handlers","C:\User\abhi\MetricsCK\eclipse_jdtls\eclipse.jdt.ls\org.eclipse.jdt.ls.core\src\org\eclipse\jdt\ls\core\internal\handlers\DocumentSymbolHandler.java","4","425","Unnecessary qualifier 'Collections': 'emptyList' is already in scope","Code Style","UnnecessaryFullyQualifiedName"
"1","org.eclipse.jdt.ls.core.internal.handlers","C:\User\abhi\MetricsCK\eclipse_jdtls\eclipse.jdt.ls\org.eclipse.jdt.ls.core\src\org\eclipse\jdt\ls\core\internal\handlers\ExtractInterfaceHandler.java","3","118","Avoid empty catch blocks","Error Prone","EmptyCatchBlock"
"1","org.eclipse.jdt.ls.core.internal.handlers","C:\User\abhi\MetricsCK\eclipse_jdtls\eclipse.jdt.ls\org.eclipse.jdt.ls.core\src\org\eclipse\jdt\ls\core\internal\handlers\FileEventHandler.java","3","235","Avoid empty catch blocks","Error Prone","EmptyCatchBlock"
"1","org.eclipse.jdt.ls.core.internal.handlers","C:\User\abhi\MetricsCK\eclipse_jdtls\eclipse.jdt.ls\org.eclipse.jdt.ls.core\src\org\eclipse\jdt\ls\core\internal\handlers\FindLinksHandler.java","3","60","Avoid empty catch blocks","Error Prone","EmptyCatchBlock"
"1","org.eclipse.jdt.ls.core.internal.handlers","C:\User\abhi\MetricsCK\eclipse_jdtls\eclipse.jdt.ls\org.eclipse.jdt.ls.core\src\org\eclipse\jdt\ls\core\internal\handlers\FoldingRangeHandler.java","3","162","Avoid empty catch blocks","Error Prone","EmptyCatchBlock"
"1","org.eclipse.jdt.ls.core.internal.handlers","C:\User\abhi\MetricsCK\eclipse_jdtls\eclipse.jdt.ls\org.eclipse.jdt.ls.core\src\org\eclipse\jdt\ls\core\internal\handlers\FormatterHandler.java","3","351","Avoid empty catch blocks","Error Prone","EmptyCatchBlock"
"1","org.eclipse.jdt.ls.core.internal.handlers","C:\User\abhi\MetricsCK\eclipse_jdtls\eclipse.jdt.ls\org.eclipse.jdt.ls.core\src\org\eclipse\jdt\ls\core\internal\handlers\GetRefactorEditHandler.java","3","216","Avoid empty catch blocks","Error Prone","EmptyCatchBlock"
"1","org.eclipse.jdt.ls.core.internal.handlers","C:\User\abhi\MetricsCK\eclipse_jdtls\eclipse.jdt.ls\org.eclipse.jdt.ls.core\src\org\eclipse\jdt\ls\core\internal\handlers\ImplementationsHandler.java","3","113","Avoid empty catch blocks","Error Prone","EmptyCatchBlock"
"1","org.eclipse.jdt.ls.core.internal.handlers","C:\User\abhi\MetricsCK\eclipse_jdtls\eclipse.jdt.ls\org.eclipse.jdt.ls.core\src\org\eclipse\jdt\ls\core\internal\handlers\IndexUtils.java","3","237","Avoid empty catch blocks","Error Prone","EmptyCatchBlock"
"2","org.eclipse.jdt.ls.core.internal.handlers","C:\User\abhi\MetricsCK\eclipse_jdtls\eclipse.jdt.ls\org.eclipse.jdt.ls.core\src\org\eclipse\jdt\ls\core\internal\handlers\IndexUtils.java","3","290","Avoid empty catch blocks","Error Prone","EmptyCatchBlock"
"1","org.eclipse.jdt.ls.core.internal.handlers","C:\User\abhi\MetricsCK\eclipse_jdtls\eclipse.jdt.ls\org.eclipse.jdt.ls.core\src\org\eclipse\jdt\ls\core\internal\handlers\InferSelectionHandler.java","3","101","Avoid empty catch blocks","Error Prone","EmptyCatchBlock"
"1","org.eclipse.jdt.ls.core.internal.handlers","C:\User\abhi\MetricsCK\eclipse_jdtls\eclipse.jdt.ls\org.eclipse.jdt.ls.core\src\org\eclipse\jdt\ls\core\internal\handlers\InlayHintVisitor.java","3","190","Prefer StringBuilder (non-synchronized) or StringBuffer (synchronized) over += for concatenating strings","Performance","UseStringBufferForStringAppends"
"1","org.eclipse.jdt.ls.core.internal.handlers","C:\User\abhi\MetricsCK\eclipse_jdtls\eclipse.jdt.ls\org.eclipse.jdt.ls.core\src\org\eclipse\jdt\ls\core\internal\handlers\InlayHintsParameterMode.java","3","26","Avoid empty catch blocks","Error Prone","EmptyCatchBlock"
"1","org.eclipse.jdt.ls.core.internal.handlers","C:\User\abhi\MetricsCK\eclipse_jdtls\eclipse.jdt.ls\org.eclipse.jdt.ls.core\src\org\eclipse\jdt\ls\core\internal\handlers\JDTLanguageServer.java","3","912","Avoid empty catch blocks","Error Prone","EmptyCatchBlock"
"1","org.eclipse.jdt.ls.core.internal.handlers","C:\User\abhi\MetricsCK\eclipse_jdtls\eclipse.jdt.ls\org.eclipse.jdt.ls.core\src\org\eclipse\jdt\ls\core\internal\handlers\JdtDomModels.java","4","109","Unnecessary qualifier 'JdtDomModels': 'contains' is already in scope","Code Style","UnnecessaryFullyQualifiedName"
"1","org.eclipse.jdt.ls.core.internal.handlers","C:\User\abhi\MetricsCK\eclipse_jdtls\eclipse.jdt.ls\org.eclipse.jdt.ls.core\src\org\eclipse\jdt\ls\core\internal\handlers\JsonRpcHelpers.java","3","213","Avoid empty catch blocks","Error Prone","EmptyCatchBlock"
"1","org.eclipse.jdt.ls.core.internal.handlers","C:\User\abhi\MetricsCK\eclipse_jdtls\eclipse.jdt.ls\org.eclipse.jdt.ls.core\src\org\eclipse\jdt\ls\core\internal\handlers\LogHandler.java","3","153","Prefer StringBuilder (non-synchronized) or StringBuffer (synchronized) over += for concatenating strings","Performance","UseStringBufferForStringAppends"
"2","org.eclipse.jdt.ls.core.internal.handlers","C:\User\abhi\MetricsCK\eclipse_jdtls\eclipse.jdt.ls\org.eclipse.jdt.ls.core\src\org\eclipse\jdt\ls\core\internal\handlers\LogHandler.java","3","157","Prefer StringBuilder (non-synchronized) or StringBuffer (synchronized) over += for concatenating strings","Performance","UseStringBufferForStringAppends"
"1","org.eclipse.jdt.ls.core.internal.handlers","C:\User\abhi\MetricsCK\eclipse_jdtls\eclipse.jdt.ls\org.eclipse.jdt.ls.core\src\org\eclipse\jdt\ls\core\internal\handlers\NavigateToDefinitionHandler.java","3","212","Avoid empty catch blocks","Error Prone","EmptyCatchBlock"
"1","org.eclipse.jdt.ls.core.internal.handlers","C:\User\abhi\MetricsCK\eclipse_jdtls\eclipse.jdt.ls\org.eclipse.jdt.ls.core\src\org\eclipse\jdt\ls\core\internal\handlers\OrganizeImportsHandler.java","4","142","Unnecessary qualifier 'OrganizeImportsHandler': 'organizeImports' is already in scope","Code Style","UnnecessaryFullyQualifiedName"
"2","org.eclipse.jdt.ls.core.internal.handlers","C:\User\abhi\MetricsCK\eclipse_jdtls\eclipse.jdt.ls\org.eclipse.jdt.ls.core\src\org\eclipse\jdt\ls\core\internal\handlers\OrganizeImportsHandler.java","4","142","Unnecessary qualifier 'OrganizeImportsHandler': 'getChooseImportsFunction' is already in scope","Code Style","UnnecessaryFullyQualifiedName"
"1","org.eclipse.jdt.ls.core.internal.handlers","C:\User\abhi\MetricsCK\eclipse_jdtls\eclipse.jdt.ls\org.eclipse.jdt.ls.core\src\org\eclipse\jdt\ls\core\internal\handlers\PasteEventHandler.java","3","232","Avoid empty catch blocks","Error Prone","EmptyCatchBlock"
"2","org.eclipse.jdt.ls.core.internal.handlers","C:\User\abhi\MetricsCK\eclipse_jdtls\eclipse.jdt.ls\org.eclipse.jdt.ls.core\src\org\eclipse\jdt\ls\core\internal\handlers\PasteEventHandler.java","3","442","Avoid empty catch blocks","Error Prone","EmptyCatchBlock"
"1","org.eclipse.jdt.ls.core.internal.handlers","C:\User\abhi\MetricsCK\eclipse_jdtls\eclipse.jdt.ls\org.eclipse.jdt.ls.core\src\org\eclipse\jdt\ls\core\internal\handlers\ProjectEncodingMode.java","3","30","Avoid empty catch blocks","Error Prone","EmptyCatchBlock"
"1","org.eclipse.jdt.ls.core.internal.handlers","C:\User\abhi\MetricsCK\eclipse_jdtls\eclipse.jdt.ls\org.eclipse.jdt.ls.core\src\org\eclipse\jdt\ls\core\internal\handlers\SmartDetectionHandler.java","3","197","Avoid empty catch blocks","Error Prone","EmptyCatchBlock"
"2","org.eclipse.jdt.ls.core.internal.handlers","C:\User\abhi\MetricsCK\eclipse_jdtls\eclipse.jdt.ls\org.eclipse.jdt.ls.core\src\org\eclipse\jdt\ls\core\internal\handlers\SmartDetectionHandler.java","3","233","Avoid empty catch blocks","Error Prone","EmptyCatchBlock"
"3","org.eclipse.jdt.ls.core.internal.handlers","C:\User\abhi\MetricsCK\eclipse_jdtls\eclipse.jdt.ls\org.eclipse.jdt.ls.core\src\org\eclipse\jdt\ls\core\internal\handlers\SmartDetectionHandler.java","3","272","Avoid empty catch blocks","Error Prone","EmptyCatchBlock"
"4","org.eclipse.jdt.ls.core.internal.handlers","C:\User\abhi\MetricsCK\eclipse_jdtls\eclipse.jdt.ls\org.eclipse.jdt.ls.core\src\org\eclipse\jdt\ls\core\internal\handlers\SmartDetectionHandler.java","3","297","Avoid empty catch blocks","Error Prone","EmptyCatchBlock"
"5","org.eclipse.jdt.ls.core.internal.handlers","C:\User\abhi\MetricsCK\eclipse_jdtls\eclipse.jdt.ls\org.eclipse.jdt.ls.core\src\org\eclipse\jdt\ls\core\internal\handlers\SmartDetectionHandler.java","3","365","Avoid empty catch blocks","Error Prone","EmptyCatchBlock"
"6","org.eclipse.jdt.ls.core.internal.handlers","C:\User\abhi\MetricsCK\eclipse_jdtls\eclipse.jdt.ls\org.eclipse.jdt.ls.core\src\org\eclipse\jdt\ls\core\internal\handlers\SmartDetectionHandler.java","3","381","Avoid empty catch blocks","Error Prone","EmptyCatchBlock"
"7","org.eclipse.jdt.ls.core.internal.handlers","C:\User\abhi\MetricsCK\eclipse_jdtls\eclipse.jdt.ls\org.eclipse.jdt.ls.core\src\org\eclipse\jdt\ls\core\internal\handlers\SmartDetectionHandler.java","3","420","Avoid empty catch blocks","Error Prone","EmptyCatchBlock"
"1","org.eclipse.jdt.ls.core.internal.handlers","C:\User\abhi\MetricsCK\eclipse_jdtls\eclipse.jdt.ls\org.eclipse.jdt.ls.core\src\org\eclipse\jdt\ls\core\internal\handlers\SourceAttachUpdateHandler.java","3","71","Avoid empty catch blocks","Error Prone","EmptyCatchBlock"
"1","org.eclipse.jdt.ls.core.internal.handlers","C:\User\abhi\MetricsCK\eclipse_jdtls\eclipse.jdt.ls\org.eclipse.jdt.ls.core\src\org\eclipse\jdt\ls\core\internal\handlers\TypeHierarchyHandler.java","4","103","Unnecessary qualifier 'TypeHierarchyHandler': 'toTypeHierarchyItem' is already in scope","Code Style","UnnecessaryFullyQualifiedName"
"2","org.eclipse.jdt.ls.core.internal.handlers","C:\User\abhi\MetricsCK\eclipse_jdtls\eclipse.jdt.ls\org.eclipse.jdt.ls.core\src\org\eclipse\jdt\ls\core\internal\handlers\TypeHierarchyHandler.java","4","103","Unnecessary qualifier 'TypeHierarchyHandler': 'toTypeHierarchyItem' is already in scope","Code Style","UnnecessaryFullyQualifiedName"
"3","org.eclipse.jdt.ls.core.internal.handlers","C:\User\abhi\MetricsCK\eclipse_jdtls\eclipse.jdt.ls\org.eclipse.jdt.ls.core\src\org\eclipse\jdt\ls\core\internal\handlers\TypeHierarchyHandler.java","4","174","Unnecessary qualifier 'TypeHierarchyHandler': 'toTypeHierarchyItem' is already in scope","Code Style","UnnecessaryFullyQualifiedName"
"4","org.eclipse.jdt.ls.core.internal.handlers","C:\User\abhi\MetricsCK\eclipse_jdtls\eclipse.jdt.ls\org.eclipse.jdt.ls.core\src\org\eclipse\jdt\ls\core\internal\handlers\TypeHierarchyHandler.java","4","177","Unnecessary qualifier 'TypeHierarchyHandler': 'toTypeHierarchyItem' is already in scope","Code Style","UnnecessaryFullyQualifiedName"
"1","org.eclipse.jdt.ls.core.internal.handlers","C:\User\abhi\MetricsCK\eclipse_jdtls\eclipse.jdt.ls\org.eclipse.jdt.ls.core\src\org\eclipse\jdt\ls\core\internal\handlers\WorkspaceDiagnosticsHandler.java","3","185","Avoid empty catch blocks","Error Prone","EmptyCatchBlock"
"2","org.eclipse.jdt.ls.core.internal.handlers","C:\User\abhi\MetricsCK\eclipse_jdtls\eclipse.jdt.ls\org.eclipse.jdt.ls.core\src\org\eclipse\jdt\ls\core\internal\handlers\WorkspaceDiagnosticsHandler.java","4","333","Unnecessary qualifier 'WorkspaceDiagnosticsHandler': 'toDiagnosticsArray' is already in scope","Code Style","UnnecessaryFullyQualifiedName"
"1","org.eclipse.jdt.ls.core.internal.handlers","C:\User\abhi\MetricsCK\eclipse_jdtls\eclipse.jdt.ls\org.eclipse.jdt.ls.core\src\org\eclipse\jdt\ls\core\internal\handlers\WorkspaceEventsHandler.java","3","87","Avoid empty catch blocks","Error Prone","EmptyCatchBlock"
"2","org.eclipse.jdt.ls.core.internal.handlers","C:\User\abhi\MetricsCK\eclipse_jdtls\eclipse.jdt.ls\org.eclipse.jdt.ls.core\src\org\eclipse\jdt\ls\core\internal\handlers\WorkspaceEventsHandler.java","3","180","Avoid empty catch blocks","Error Prone","EmptyCatchBlock"
"1","org.eclipse.jdt.ls.core.internal.javadoc","C:\User\abhi\MetricsCK\eclipse_jdtls\eclipse.jdt.ls\org.eclipse.jdt.ls.core\src\org\eclipse\jdt\ls\core\internal\javadoc\JavaDocHTMLPathHandler.java","3","197","Avoid empty catch blocks","Error Prone","EmptyCatchBlock"
"2","org.eclipse.jdt.ls.core.internal.javadoc","C:\User\abhi\MetricsCK\eclipse_jdtls\eclipse.jdt.ls\org.eclipse.jdt.ls.core\src\org\eclipse\jdt\ls\core\internal\javadoc\JavaDocHTMLPathHandler.java","3","203","Avoid empty catch blocks","Error Prone","EmptyCatchBlock"
"1","org.eclipse.jdt.ls.core.internal.javadoc","C:\User\abhi\MetricsCK\eclipse_jdtls\eclipse.jdt.ls\org.eclipse.jdt.ls.core\src\org\eclipse\jdt\ls\core\internal\javadoc\JavadocContentAccess2.java","3","77","Avoid empty catch blocks","Error Prone","EmptyCatchBlock"
"2","org.eclipse.jdt.ls.core.internal.javadoc","C:\User\abhi\MetricsCK\eclipse_jdtls\eclipse.jdt.ls\org.eclipse.jdt.ls.core\src\org\eclipse\jdt\ls\core\internal\javadoc\JavadocContentAccess2.java","3","168","Prefer StringBuilder (non-synchronized) or StringBuffer (synchronized) over += for concatenating strings","Performance","UseStringBufferForStringAppends"
"3","org.eclipse.jdt.ls.core.internal.javadoc","C:\User\abhi\MetricsCK\eclipse_jdtls\eclipse.jdt.ls\org.eclipse.jdt.ls.core\src\org\eclipse\jdt\ls\core\internal\javadoc\JavadocContentAccess2.java","3","170","Prefer StringBuilder (non-synchronized) or StringBuffer (synchronized) over += for concatenating strings","Performance","UseStringBufferForStringAppends"
"4","org.eclipse.jdt.ls.core.internal.javadoc","C:\User\abhi\MetricsCK\eclipse_jdtls\eclipse.jdt.ls\org.eclipse.jdt.ls.core\src\org\eclipse\jdt\ls\core\internal\javadoc\JavadocContentAccess2.java","3","319","Avoid empty catch blocks","Error Prone","EmptyCatchBlock"
"1","org.eclipse.jdt.ls.core.internal.managers","C:\User\abhi\MetricsCK\eclipse_jdtls\eclipse.jdt.ls\org.eclipse.jdt.ls.core\src\org\eclipse\jdt\ls\core\internal\managers\GradleProjectImporter.java","4","172","Unnecessary qualifier 'Arrays': 'asList' is already in scope","Code Style","UnnecessaryFullyQualifiedName"
"2","org.eclipse.jdt.ls.core.internal.managers","C:\User\abhi\MetricsCK\eclipse_jdtls\eclipse.jdt.ls\org.eclipse.jdt.ls.core\src\org\eclipse\jdt\ls\core\internal\managers\GradleProjectImporter.java","3","296","Avoid empty catch blocks","Error Prone","EmptyCatchBlock"
"3","org.eclipse.jdt.ls.core.internal.managers","C:\User\abhi\MetricsCK\eclipse_jdtls\eclipse.jdt.ls\org.eclipse.jdt.ls.core\src\org\eclipse\jdt\ls\core\internal\managers\GradleProjectImporter.java","3","484","Avoid empty catch blocks","Error Prone","EmptyCatchBlock"
"4","org.eclipse.jdt.ls.core.internal.managers","C:\User\abhi\MetricsCK\eclipse_jdtls\eclipse.jdt.ls\org.eclipse.jdt.ls.core\src\org\eclipse\jdt\ls\core\internal\managers\GradleProjectImporter.java","3","657","Avoid empty catch blocks","Error Prone","EmptyCatchBlock"
"1","org.eclipse.jdt.ls.core.internal.managers","C:\User\abhi\MetricsCK\eclipse_jdtls\eclipse.jdt.ls\org.eclipse.jdt.ls.core\src\org\eclipse\jdt\ls\core\internal\managers\GradleUtils.java","3","108","Avoid empty catch blocks","Error Prone","EmptyCatchBlock"
"2","org.eclipse.jdt.ls.core.internal.managers","C:\User\abhi\MetricsCK\eclipse_jdtls\eclipse.jdt.ls\org.eclipse.jdt.ls.core\src\org\eclipse\jdt\ls\core\internal\managers\GradleUtils.java","4","122","Unnecessary qualifier 'GradleUtils': 'INVALID_TYPE_FIXED_VERSION' is already in scope because it is declared in an enclosing type","Code Style","UnnecessaryFullyQualifiedName"
"1","org.eclipse.jdt.ls.core.internal.managers","C:\User\abhi\MetricsCK\eclipse_jdtls\eclipse.jdt.ls\org.eclipse.jdt.ls.core\src\org\eclipse\jdt\ls\core\internal\managers\InvisibleProjectImporter.java","3","511","Avoid empty catch blocks","Error Prone","EmptyCatchBlock"
"2","org.eclipse.jdt.ls.core.internal.managers","C:\User\abhi\MetricsCK\eclipse_jdtls\eclipse.jdt.ls\org.eclipse.jdt.ls.core\src\org\eclipse\jdt\ls\core\internal\managers\InvisibleProjectImporter.java","3","531","Avoid empty catch blocks","Error Prone","EmptyCatchBlock"
"1","org.eclipse.jdt.ls.core.internal.managers","C:\User\abhi\MetricsCK\eclipse_jdtls\eclipse.jdt.ls\org.eclipse.jdt.ls.core\src\org\eclipse\jdt\ls\core\internal\managers\JavaLaunchConfigurationInfo.java","3","53","Avoid empty catch blocks","Error Prone","EmptyCatchBlock"
"1","org.eclipse.jdt.ls.core.internal.managers","C:\User\abhi\MetricsCK\eclipse_jdtls\eclipse.jdt.ls\org.eclipse.jdt.ls.core\src\org\eclipse\jdt\ls\core\internal\managers\MavenSourceDownloader.java","3","95","Avoid empty catch blocks","Error Prone","EmptyCatchBlock"
"2","org.eclipse.jdt.ls.core.internal.managers","C:\User\abhi\MetricsCK\eclipse_jdtls\eclipse.jdt.ls\org.eclipse.jdt.ls.core\src\org\eclipse\jdt\ls\core\internal\managers\MavenSourceDownloader.java","3","101","Avoid empty catch blocks","Error Prone","EmptyCatchBlock"
"1","org.eclipse.jdt.ls.core.internal.managers","C:\User\abhi\MetricsCK\eclipse_jdtls\eclipse.jdt.ls\org.eclipse.jdt.ls.core\src\org\eclipse\jdt\ls\core\internal\managers\ProjectsManager.java","3","570","Avoid empty catch blocks","Error Prone","EmptyCatchBlock"
"2","org.eclipse.jdt.ls.core.internal.managers","C:\User\abhi\MetricsCK\eclipse_jdtls\eclipse.jdt.ls\org.eclipse.jdt.ls.core\src\org\eclipse\jdt\ls\core\internal\managers\ProjectsManager.java","3","650","Avoid empty catch blocks","Error Prone","EmptyCatchBlock"
"3","org.eclipse.jdt.ls.core.internal.managers","C:\User\abhi\MetricsCK\eclipse_jdtls\eclipse.jdt.ls\org.eclipse.jdt.ls.core\src\org\eclipse\jdt\ls\core\internal\managers\ProjectsManager.java","3","868","Prefer StringBuilder (non-synchronized) or StringBuffer (synchronized) over += for concatenating strings","Performance","UseStringBufferForStringAppends"
"1","org.eclipse.jdt.ls.core.internal.managers","C:\User\abhi\MetricsCK\eclipse_jdtls\eclipse.jdt.ls\org.eclipse.jdt.ls.core\src\org\eclipse\jdt\ls\core\internal\managers\StandardProjectsManager.java","4","104","Unnecessary qualifier 'Arrays': 'asList' is already in scope","Code Style","UnnecessaryFullyQualifiedName"
"1","org.eclipse.jdt.ls.core.internal.managers","C:\User\abhi\MetricsCK\eclipse_jdtls\eclipse.jdt.ls\org.eclipse.jdt.ls.core\src\org\eclipse\jdt\ls\core\internal\managers\TelemetryManager.java","3","126","Avoid empty catch blocks","Error Prone","EmptyCatchBlock"
"2","org.eclipse.jdt.ls.core.internal.managers","C:\User\abhi\MetricsCK\eclipse_jdtls\eclipse.jdt.ls\org.eclipse.jdt.ls.core\src\org\eclipse\jdt\ls\core\internal\managers\TelemetryManager.java","3","137","Avoid empty catch blocks","Error Prone","EmptyCatchBlock"
"3","org.eclipse.jdt.ls.core.internal.managers","C:\User\abhi\MetricsCK\eclipse_jdtls\eclipse.jdt.ls\org.eclipse.jdt.ls.core\src\org\eclipse\jdt\ls\core\internal\managers\TelemetryManager.java","3","214","Avoid empty catch blocks","Error Prone","EmptyCatchBlock"
"1","org.eclipse.jdt.ls.core.internal.preferences","C:\User\abhi\MetricsCK\eclipse_jdtls\eclipse.jdt.ls\org.eclipse.jdt.ls.core\src\org\eclipse\jdt\ls\core\internal\preferences\PreferenceManager.java","3","180","Avoid empty catch blocks","Error Prone","EmptyCatchBlock"
"2","org.eclipse.jdt.ls.core.internal.preferences","C:\User\abhi\MetricsCK\eclipse_jdtls\eclipse.jdt.ls\org.eclipse.jdt.ls.core\src\org\eclipse\jdt\ls\core\internal\preferences\PreferenceManager.java","3","186","Avoid empty catch blocks","Error Prone","EmptyCatchBlock"
"1","org.eclipse.jdt.ls.core.internal.preferences","C:\User\abhi\MetricsCK\eclipse_jdtls\eclipse.jdt.ls\org.eclipse.jdt.ls.core\src\org\eclipse\jdt\ls\core\internal\preferences\Preferences.java","3","742","Avoid empty catch blocks","Error Prone","EmptyCatchBlock"
"2","org.eclipse.jdt.ls.core.internal.preferences","C:\User\abhi\MetricsCK\eclipse_jdtls\eclipse.jdt.ls\org.eclipse.jdt.ls.core\src\org\eclipse\jdt\ls\core\internal\preferences\Preferences.java","3","768","Avoid empty catch blocks","Error Prone","EmptyCatchBlock"
"3","org.eclipse.jdt.ls.core.internal.preferences","C:\User\abhi\MetricsCK\eclipse_jdtls\eclipse.jdt.ls\org.eclipse.jdt.ls.core\src\org\eclipse\jdt\ls\core\internal\preferences\Preferences.java","4","1397","Unnecessary qualifier 'Preferences': 'JAVA_RESOURCE_FILTERS' is already in scope because it is declared in an enclosing type","Code Style","UnnecessaryFullyQualifiedName"
"1","org.eclipse.jdt.ls.core.internal.semantictokens","C:\User\abhi\MetricsCK\eclipse_jdtls\eclipse.jdt.ls\org.eclipse.jdt.ls.core\src\org\eclipse\jdt\ls\core\internal\semantictokens\SemanticTokensVisitor.java","3","535","Avoid empty catch blocks","Error Prone","EmptyCatchBlock"
"1","org.eclipse.jdt.ls.core.internal.semantictokens","C:\User\abhi\MetricsCK\eclipse_jdtls\eclipse.jdt.ls\org.eclipse.jdt.ls.core\src\org\eclipse\jdt\ls\core\internal\semantictokens\TokenType.java","4","83","Unnecessary qualifier 'TokenType': 'ENUM_MEMBER' is already in scope because it is declared in an enclosing type","Code Style","UnnecessaryFullyQualifiedName"
"2","org.eclipse.jdt.ls.core.internal.semantictokens","C:\User\abhi\MetricsCK\eclipse_jdtls\eclipse.jdt.ls\org.eclipse.jdt.ls.core\src\org\eclipse\jdt\ls\core\internal\semantictokens\TokenType.java","4","86","Unnecessary qualifier 'TokenType': 'RECORD_COMPONENT' is already in scope because it is declared in an enclosing type","Code Style","UnnecessaryFullyQualifiedName"
"3","org.eclipse.jdt.ls.core.internal.semantictokens","C:\User\abhi\MetricsCK\eclipse_jdtls\eclipse.jdt.ls\org.eclipse.jdt.ls.core\src\org\eclipse\jdt\ls\core\internal\semantictokens\TokenType.java","4","89","Unnecessary qualifier 'TokenType': 'PROPERTY' is already in scope because it is declared in an enclosing type","Code Style","UnnecessaryFullyQualifiedName"
"4","org.eclipse.jdt.ls.core.internal.semantictokens","C:\User\abhi\MetricsCK\eclipse_jdtls\eclipse.jdt.ls\org.eclipse.jdt.ls.core\src\org\eclipse\jdt\ls\core\internal\semantictokens\TokenType.java","4","92","Unnecessary qualifier 'TokenType': 'PARAMETER' is already in scope because it is declared in an enclosing type","Code Style","UnnecessaryFullyQualifiedName"
"5","org.eclipse.jdt.ls.core.internal.semantictokens","C:\User\abhi\MetricsCK\eclipse_jdtls\eclipse.jdt.ls\org.eclipse.jdt.ls.core\src\org\eclipse\jdt\ls\core\internal\semantictokens\TokenType.java","4","94","Unnecessary qualifier 'TokenType': 'VARIABLE' is already in scope because it is declared in an enclosing type","Code Style","UnnecessaryFullyQualifiedName"
"6","org.eclipse.jdt.ls.core.internal.semantictokens","C:\User\abhi\MetricsCK\eclipse_jdtls\eclipse.jdt.ls\org.eclipse.jdt.ls.core\src\org\eclipse\jdt\ls\core\internal\semantictokens\TokenType.java","4","102","Unnecessary qualifier 'TokenType': 'ANNOTATION_MEMBER' is already in scope because it is declared in an enclosing type","Code Style","UnnecessaryFullyQualifiedName"
"7","org.eclipse.jdt.ls.core.internal.semantictokens","C:\User\abhi\MetricsCK\eclipse_jdtls\eclipse.jdt.ls\org.eclipse.jdt.ls.core\src\org\eclipse\jdt\ls\core\internal\semantictokens\TokenType.java","4","104","Unnecessary qualifier 'TokenType': 'METHOD' is already in scope because it is declared in an enclosing type","Code Style","UnnecessaryFullyQualifiedName"
"8","org.eclipse.jdt.ls.core.internal.semantictokens","C:\User\abhi\MetricsCK\eclipse_jdtls\eclipse.jdt.ls\org.eclipse.jdt.ls.core\src\org\eclipse\jdt\ls\core\internal\semantictokens\TokenType.java","4","109","Unnecessary qualifier 'TokenType': 'TYPE_PARAMETER' is already in scope because it is declared in an enclosing type","Code Style","UnnecessaryFullyQualifiedName"
"9","org.eclipse.jdt.ls.core.internal.semantictokens","C:\User\abhi\MetricsCK\eclipse_jdtls\eclipse.jdt.ls\org.eclipse.jdt.ls.core\src\org\eclipse\jdt\ls\core\internal\semantictokens\TokenType.java","4","112","Unnecessary qualifier 'TokenType': 'ANNOTATION' is already in scope because it is declared in an enclosing type","Code Style","UnnecessaryFullyQualifiedName"
"10","org.eclipse.jdt.ls.core.internal.semantictokens","C:\User\abhi\MetricsCK\eclipse_jdtls\eclipse.jdt.ls\org.eclipse.jdt.ls.core\src\org\eclipse\jdt\ls\core\internal\semantictokens\TokenType.java","4","115","Unnecessary qualifier 'TokenType': 'RECORD' is already in scope because it is declared in an enclosing type","Code Style","UnnecessaryFullyQualifiedName"
"11","org.eclipse.jdt.ls.core.internal.semantictokens","C:\User\abhi\MetricsCK\eclipse_jdtls\eclipse.jdt.ls\org.eclipse.jdt.ls.core\src\org\eclipse\jdt\ls\core\internal\semantictokens\TokenType.java","4","118","Unnecessary qualifier 'TokenType': 'INTERFACE' is already in scope because it is declared in an enclosing type","Code Style","UnnecessaryFullyQualifiedName"
"12","org.eclipse.jdt.ls.core.internal.semantictokens","C:\User\abhi\MetricsCK\eclipse_jdtls\eclipse.jdt.ls\org.eclipse.jdt.ls.core\src\org\eclipse\jdt\ls\core\internal\semantictokens\TokenType.java","4","121","Unnecessary qualifier 'TokenType': 'ENUM' is already in scope because it is declared in an enclosing type","Code Style","UnnecessaryFullyQualifiedName"
"13","org.eclipse.jdt.ls.core.internal.semantictokens","C:\User\abhi\MetricsCK\eclipse_jdtls\eclipse.jdt.ls\org.eclipse.jdt.ls.core\src\org\eclipse\jdt\ls\core\internal\semantictokens\TokenType.java","4","124","Unnecessary qualifier 'TokenType': 'CLASS' is already in scope because it is declared in an enclosing type","Code Style","UnnecessaryFullyQualifiedName"
"14","org.eclipse.jdt.ls.core.internal.semantictokens","C:\User\abhi\MetricsCK\eclipse_jdtls\eclipse.jdt.ls\org.eclipse.jdt.ls.core\src\org\eclipse\jdt\ls\core\internal\semantictokens\TokenType.java","4","126","Unnecessary qualifier 'TokenType': 'TYPE' is already in scope because it is declared in an enclosing type","Code Style","UnnecessaryFullyQualifiedName"
"15","org.eclipse.jdt.ls.core.internal.semantictokens","C:\User\abhi\MetricsCK\eclipse_jdtls\eclipse.jdt.ls\org.eclipse.jdt.ls.core\src\org\eclipse\jdt\ls\core\internal\semantictokens\TokenType.java","4","130","Unnecessary qualifier 'TokenType': 'NAMESPACE' is already in scope because it is declared in an enclosing type","Code Style","UnnecessaryFullyQualifiedName"
"1","org.eclipse.jdt.ls.core.internal.syntaxserver","C:\User\abhi\MetricsCK\eclipse_jdtls\eclipse.jdt.ls\org.eclipse.jdt.ls.core\src\org\eclipse\jdt\ls\core\internal\syntaxserver\CompletionResultRequestor.java","3","86","Avoid empty catch blocks","Error Prone","EmptyCatchBlock"
"1","org.eclipse.jdt.ls.core.internal.syntaxserver","C:\User\abhi\MetricsCK\eclipse_jdtls\eclipse.jdt.ls\org.eclipse.jdt.ls.core\src\org\eclipse\jdt\ls\core\internal\syntaxserver\SyntaxLanguageServer.java","3","163","Avoid empty catch blocks","Error Prone","EmptyCatchBlock"
"1","org.eclipse.jdt.ls.core.internal.syntaxserver","C:\User\abhi\MetricsCK\eclipse_jdtls\eclipse.jdt.ls\org.eclipse.jdt.ls.core\src\org\eclipse\jdt\ls\core\internal\syntaxserver\SyntaxProjectsManager.java","3","77","Avoid empty catch blocks","Error Prone","EmptyCatchBlock"
"1","org.eclipse.jdt.ls.core.internal.text.correction","C:\User\abhi\MetricsCK\eclipse_jdtls\eclipse.jdt.ls\org.eclipse.jdt.ls.core\src\org\eclipse\jdt\ls\core\internal\text\correction\CodeActionUtility.java","4","94","Unnecessary qualifier 'CodeActionUtility': 'getFieldNamesFromASTNode' is already in scope","Code Style","UnnecessaryFullyQualifiedName"
"2","org.eclipse.jdt.ls.core.internal.text.correction","C:\User\abhi\MetricsCK\eclipse_jdtls\eclipse.jdt.ls\org.eclipse.jdt.ls.core\src\org\eclipse\jdt\ls\core\internal\text\correction\CodeActionUtility.java","4","105","Unnecessary qualifier 'CodeActionUtility': 'getFieldNamesFromASTNode' is already in scope","Code Style","UnnecessaryFullyQualifiedName"
"3","org.eclipse.jdt.ls.core.internal.text.correction","C:\User\abhi\MetricsCK\eclipse_jdtls\eclipse.jdt.ls\org.eclipse.jdt.ls.core\src\org\eclipse\jdt\ls\core\internal\text\correction\CodeActionUtility.java","4","112","Unnecessary qualifier 'CodeActionUtility': 'getFieldNamesFromASTNode' is already in scope","Code Style","UnnecessaryFullyQualifiedName"
"4","org.eclipse.jdt.ls.core.internal.text.correction","C:\User\abhi\MetricsCK\eclipse_jdtls\eclipse.jdt.ls\org.eclipse.jdt.ls.core\src\org\eclipse\jdt\ls\core\internal\text\correction\CodeActionUtility.java","4","128","Unnecessary qualifier 'CodeActionUtility': 'getFieldNamesFromASTNode' is already in scope","Code Style","UnnecessaryFullyQualifiedName"
"1","org.eclipse.jdt.ls.core.internal.text.correction","C:\User\abhi\MetricsCK\eclipse_jdtls\eclipse.jdt.ls\org.eclipse.jdt.ls.core\src\org\eclipse\jdt\ls\core\internal\text\correction\ModifierCorrectionSubProcessor.java","4","960","Unnecessary qualifier 'ModifierCorrectionSubProcessor': 'installLinkedVisibilityProposals' is already in scope","Code Style","UnnecessaryFullyQualifiedName"
"1","org.eclipse.jdt.ls.core.internal.text.correction","C:\User\abhi\MetricsCK\eclipse_jdtls\eclipse.jdt.ls\org.eclipse.jdt.ls.core\src\org\eclipse\jdt\ls\core\internal\text\correction\QuickAssistProcessor.java","3","298","Avoid empty catch blocks","Error Prone","EmptyCatchBlock"
"2","org.eclipse.jdt.ls.core.internal.text.correction","C:\User\abhi\MetricsCK\eclipse_jdtls\eclipse.jdt.ls\org.eclipse.jdt.ls.core\src\org\eclipse\jdt\ls\core\internal\text\correction\QuickAssistProcessor.java","4","926","Unnecessary qualifier 'QuickAssistProcessor': 'getFullyCoveredNodes' is already in scope","Code Style","UnnecessaryFullyQualifiedName"
"3","org.eclipse.jdt.ls.core.internal.text.correction","C:\User\abhi\MetricsCK\eclipse_jdtls\eclipse.jdt.ls\org.eclipse.jdt.ls.core\src\org\eclipse\jdt\ls\core\internal\text\correction\QuickAssistProcessor.java","3","1216","Avoid empty catch blocks","Error Prone","EmptyCatchBlock"
"4","org.eclipse.jdt.ls.core.internal.text.correction","C:\User\abhi\MetricsCK\eclipse_jdtls\eclipse.jdt.ls\org.eclipse.jdt.ls.core\src\org\eclipse\jdt\ls\core\internal\text\correction\QuickAssistProcessor.java","3","1251","Avoid empty catch blocks","Error Prone","EmptyCatchBlock"
"5","org.eclipse.jdt.ls.core.internal.text.correction","C:\User\abhi\MetricsCK\eclipse_jdtls\eclipse.jdt.ls\org.eclipse.jdt.ls.core\src\org\eclipse\jdt\ls\core\internal\text\correction\QuickAssistProcessor.java","3","1265","Avoid empty catch blocks","Error Prone","EmptyCatchBlock"
"6","org.eclipse.jdt.ls.core.internal.text.correction","C:\User\abhi\MetricsCK\eclipse_jdtls\eclipse.jdt.ls\org.eclipse.jdt.ls.core\src\org\eclipse\jdt\ls\core\internal\text\correction\QuickAssistProcessor.java","3","1281","Avoid empty catch blocks","Error Prone","EmptyCatchBlock"
"7","org.eclipse.jdt.ls.core.internal.text.correction","C:\User\abhi\MetricsCK\eclipse_jdtls\eclipse.jdt.ls\org.eclipse.jdt.ls.core\src\org\eclipse\jdt\ls\core\internal\text\correction\QuickAssistProcessor.java","3","1297","Avoid empty catch blocks","Error Prone","EmptyCatchBlock"
"8","org.eclipse.jdt.ls.core.internal.text.correction","C:\User\abhi\MetricsCK\eclipse_jdtls\eclipse.jdt.ls\org.eclipse.jdt.ls.core\src\org\eclipse\jdt\ls\core\internal\text\correction\QuickAssistProcessor.java","3","1313","Avoid empty catch blocks","Error Prone","EmptyCatchBlock"
"9","org.eclipse.jdt.ls.core.internal.text.correction","C:\User\abhi\MetricsCK\eclipse_jdtls\eclipse.jdt.ls\org.eclipse.jdt.ls.core\src\org\eclipse\jdt\ls\core\internal\text\correction\QuickAssistProcessor.java","3","1329","Avoid empty catch blocks","Error Prone","EmptyCatchBlock"
"10","org.eclipse.jdt.ls.core.internal.text.correction","C:\User\abhi\MetricsCK\eclipse_jdtls\eclipse.jdt.ls\org.eclipse.jdt.ls.core\src\org\eclipse\jdt\ls\core\internal\text\correction\QuickAssistProcessor.java","3","1345","Avoid empty catch blocks","Error Prone","EmptyCatchBlock"
"11","org.eclipse.jdt.ls.core.internal.text.correction","C:\User\abhi\MetricsCK\eclipse_jdtls\eclipse.jdt.ls\org.eclipse.jdt.ls.core\src\org\eclipse\jdt\ls\core\internal\text\correction\QuickAssistProcessor.java","3","1361","Avoid empty catch blocks","Error Prone","EmptyCatchBlock"
"12","org.eclipse.jdt.ls.core.internal.text.correction","C:\User\abhi\MetricsCK\eclipse_jdtls\eclipse.jdt.ls\org.eclipse.jdt.ls.core\src\org\eclipse\jdt\ls\core\internal\text\correction\QuickAssistProcessor.java","3","1377","Avoid empty catch blocks","Error Prone","EmptyCatchBlock"
"13","org.eclipse.jdt.ls.core.internal.text.correction","C:\User\abhi\MetricsCK\eclipse_jdtls\eclipse.jdt.ls\org.eclipse.jdt.ls.core\src\org\eclipse\jdt\ls\core\internal\text\correction\QuickAssistProcessor.java","3","1393","Avoid empty catch blocks","Error Prone","EmptyCatchBlock"
"14","org.eclipse.jdt.ls.core.internal.text.correction","C:\User\abhi\MetricsCK\eclipse_jdtls\eclipse.jdt.ls\org.eclipse.jdt.ls.core\src\org\eclipse\jdt\ls\core\internal\text\correction\QuickAssistProcessor.java","3","1409","Avoid empty catch blocks","Error Prone","EmptyCatchBlock"
"15","org.eclipse.jdt.ls.core.internal.text.correction","C:\User\abhi\MetricsCK\eclipse_jdtls\eclipse.jdt.ls\org.eclipse.jdt.ls.core\src\org\eclipse\jdt\ls\core\internal\text\correction\QuickAssistProcessor.java","3","1425","Avoid empty catch blocks","Error Prone","EmptyCatchBlock"
"16","org.eclipse.jdt.ls.core.internal.text.correction","C:\User\abhi\MetricsCK\eclipse_jdtls\eclipse.jdt.ls\org.eclipse.jdt.ls.core\src\org\eclipse\jdt\ls\core\internal\text\correction\QuickAssistProcessor.java","3","1441","Avoid empty catch blocks","Error Prone","EmptyCatchBlock"
"17","org.eclipse.jdt.ls.core.internal.text.correction","C:\User\abhi\MetricsCK\eclipse_jdtls\eclipse.jdt.ls\org.eclipse.jdt.ls.core\src\org\eclipse\jdt\ls\core\internal\text\correction\QuickAssistProcessor.java","3","1457","Avoid empty catch blocks","Error Prone","EmptyCatchBlock"
"1","org.eclipse.jdt.ls.core.internal.text.correction","C:\User\abhi\MetricsCK\eclipse_jdtls\eclipse.jdt.ls\org.eclipse.jdt.ls.core\src\org\eclipse\jdt\ls\core\internal\text\correction\RefactorProposalUtility.java","4","155","Unnecessary qualifier 'RefactorProposalUtility': 'APPLY_REFACTORING_COMMAND_ID' is already in scope because it is declared in an enclosing type","Code Style","UnnecessaryFullyQualifiedName"
"2","org.eclipse.jdt.ls.core.internal.text.correction","C:\User\abhi\MetricsCK\eclipse_jdtls\eclipse.jdt.ls\org.eclipse.jdt.ls.core\src\org\eclipse\jdt\ls\core\internal\text\correction\RefactorProposalUtility.java","3","173","Avoid empty catch blocks","Error Prone","EmptyCatchBlock"
"3","org.eclipse.jdt.ls.core.internal.text.correction","C:\User\abhi\MetricsCK\eclipse_jdtls\eclipse.jdt.ls\org.eclipse.jdt.ls.core\src\org\eclipse\jdt\ls\core\internal\text\correction\RefactorProposalUtility.java","4","179","Unnecessary qualifier 'RefactorProposalUtility': 'APPLY_REFACTORING_COMMAND_ID' is already in scope because it is declared in an enclosing type","Code Style","UnnecessaryFullyQualifiedName"
"4","org.eclipse.jdt.ls.core.internal.text.correction","C:\User\abhi\MetricsCK\eclipse_jdtls\eclipse.jdt.ls\org.eclipse.jdt.ls.core\src\org\eclipse\jdt\ls\core\internal\text\correction\RefactorProposalUtility.java","3","347","Avoid empty catch blocks","Error Prone","EmptyCatchBlock"
"5","org.eclipse.jdt.ls.core.internal.text.correction","C:\User\abhi\MetricsCK\eclipse_jdtls\eclipse.jdt.ls\org.eclipse.jdt.ls.core\src\org\eclipse\jdt\ls\core\internal\text\correction\RefactorProposalUtility.java","4","945","Unnecessary qualifier 'RefactorProposalUtility': 'APPLY_REFACTORING_COMMAND_ID' is already in scope because it is declared in an enclosing type","Code Style","UnnecessaryFullyQualifiedName"
"6","org.eclipse.jdt.ls.core.internal.text.correction","C:\User\abhi\MetricsCK\eclipse_jdtls\eclipse.jdt.ls\org.eclipse.jdt.ls.core\src\org\eclipse\jdt\ls\core\internal\text\correction\RefactorProposalUtility.java","4","946","Unnecessary qualifier 'RefactorProposalUtility': 'EXTRACT_INTERFACE_COMMAND' is already in scope because it is declared in an enclosing type","Code Style","UnnecessaryFullyQualifiedName"
"7","org.eclipse.jdt.ls.core.internal.text.correction","C:\User\abhi\MetricsCK\eclipse_jdtls\eclipse.jdt.ls\org.eclipse.jdt.ls.core\src\org\eclipse\jdt\ls\core\internal\text\correction\RefactorProposalUtility.java","3","949","Avoid empty catch blocks","Error Prone","EmptyCatchBlock"
"8","org.eclipse.jdt.ls.core.internal.text.correction","C:\User\abhi\MetricsCK\eclipse_jdtls\eclipse.jdt.ls\org.eclipse.jdt.ls.core\src\org\eclipse\jdt\ls\core\internal\text\correction\RefactorProposalUtility.java","4","984","Unnecessary qualifier 'RefactorProposalUtility': 'APPLY_REFACTORING_COMMAND_ID' is already in scope because it is declared in an enclosing type","Code Style","UnnecessaryFullyQualifiedName"
"9","org.eclipse.jdt.ls.core.internal.text.correction","C:\User\abhi\MetricsCK\eclipse_jdtls\eclipse.jdt.ls\org.eclipse.jdt.ls.core\src\org\eclipse\jdt\ls\core\internal\text\correction\RefactorProposalUtility.java","4","985","Unnecessary qualifier 'RefactorProposalUtility': 'CHANGE_SIGNATURE_COMMAND' is already in scope because it is declared in an enclosing type","Code Style","UnnecessaryFullyQualifiedName"
"1","org.eclipse.jdt.ls.core.internal.text.correction","C:\User\abhi\MetricsCK\eclipse_jdtls\eclipse.jdt.ls\org.eclipse.jdt.ls.core\src\org\eclipse\jdt\ls\core\internal\text\correction\SourceAssistProcessor.java","3","212","Avoid empty catch blocks","Error Prone","EmptyCatchBlock"
"2","org.eclipse.jdt.ls.core.internal.text.correction","C:\User\abhi\MetricsCK\eclipse_jdtls\eclipse.jdt.ls\org.eclipse.jdt.ls.core\src\org\eclipse\jdt\ls\core\internal\text\correction\SourceAssistProcessor.java","3","477","Avoid empty catch blocks","Error Prone","EmptyCatchBlock"
"1","org.eclipse.jdt.ls.internal.gradle.checksums","C:\User\abhi\MetricsCK\eclipse_jdtls\eclipse.jdt.ls\org.eclipse.jdt.ls.core\src\org\eclipse\jdt\ls\internal\gradle\checksums\WrapperValidator.java","4","131","Unnecessary qualifier 'WrapperValidator': 'wrapperChecksumUrls' is already in scope because it is declared in an enclosing type","Code Style","UnnecessaryFullyQualifiedName"
"2","org.eclipse.jdt.ls.internal.gradle.checksums","C:\User\abhi\MetricsCK\eclipse_jdtls\eclipse.jdt.ls\org.eclipse.jdt.ls.core\src\org\eclipse\jdt\ls\internal\gradle\checksums\WrapperValidator.java","4","344","Unnecessary qualifier 'WrapperValidator': 'clear' is already in scope","Code Style","UnnecessaryFullyQualifiedName"
"3","org.eclipse.jdt.ls.internal.gradle.checksums","C:\User\abhi\MetricsCK\eclipse_jdtls\eclipse.jdt.ls\org.eclipse.jdt.ls.core\src\org\eclipse\jdt\ls\internal\gradle\checksums\WrapperValidator.java","4","346","Unnecessary qualifier 'WrapperValidator': 'allow' is already in scope","Code Style","UnnecessaryFullyQualifiedName"
"4","org.eclipse.jdt.ls.internal.gradle.checksums","C:\User\abhi\MetricsCK\eclipse_jdtls\eclipse.jdt.ls\org.eclipse.jdt.ls.core\src\org\eclipse\jdt\ls\internal\gradle\checksums\WrapperValidator.java","4","349","Unnecessary qualifier 'WrapperValidator': 'disallow' is already in scope","Code Style","UnnecessaryFullyQualifiedName"
"1","org.eclipse.lsp4j.legacy.typeHierarchy","C:\User\abhi\MetricsCK\eclipse_jdtls\eclipse.jdt.ls\org.eclipse.jdt.ls.core\src\org\eclipse\lsp4j\legacy\typeHierarchy\TypeHierarchyDirection.java","4","50","Unnecessary qualifier 'TypeHierarchyDirection': 'values' is already in scope","Code Style","UnnecessaryFullyQualifiedName"
"1","org.eclipse.jdt.ls.core.internal.filesystem","C:\User\abhi\MetricsCK\eclipse_jdtls\eclipse.jdt.ls\org.eclipse.jdt.ls.filesystem\src\org\eclipse\jdt\ls\core\internal\filesystem\JDTLSFilesystemActivator.java","4","39","Unnecessary qualifier 'JDTLSFilesystemActivator': 'context' is already in scope because it is declared in an enclosing type","Code Style","UnnecessaryFullyQualifiedName"
"2","org.eclipse.jdt.ls.core.internal.filesystem","C:\User\abhi\MetricsCK\eclipse_jdtls\eclipse.jdt.ls\org.eclipse.jdt.ls.filesystem\src\org\eclipse\jdt\ls\core\internal\filesystem\JDTLSFilesystemActivator.java","4","40","Unnecessary qualifier 'JDTLSFilesystemActivator': 'instance' is already in scope because it is declared in an enclosing type","Code Style","UnnecessaryFullyQualifiedName"
"3","org.eclipse.jdt.ls.core.internal.filesystem","C:\User\abhi\MetricsCK\eclipse_jdtls\eclipse.jdt.ls\org.eclipse.jdt.ls.filesystem\src\org\eclipse\jdt\ls\core\internal\filesystem\JDTLSFilesystemActivator.java","4","73","Unnecessary qualifier 'JDTLSFilesystemActivator': 'context' is already in scope because it is declared in an enclosing type","Code Style","UnnecessaryFullyQualifiedName"
"1","org.eclipse.jdt.ls.core.internal.syntaxserver","C:\User\abhi\MetricsCK\eclipse_jdtls\eclipse.jdt.ls\org.eclipse.jdt.ls.tests.syntaxserver\src\org\eclipse\jdt\ls\core\internal\syntaxserver\AbstractSyntaxProjectsManagerBasedTest.java","3","62","This abstract class does not have any abstract methods","Best Practices","AbstractClassWithoutAbstractMethod"
"1","org.sample","C:\User\abhi\MetricsCK\eclipse_jdtls\eclipse.jdt.ls\org.eclipse.jdt.ls.tests\projects\eclipse\gh2871\project1\src\org\sample\First.java","3","2","This abstract class does not have any abstract methods","Best Practices","AbstractClassWithoutAbstractMethod"
"1","demo.egit.internal","C:\User\abhi\MetricsCK\eclipse_jdtls\eclipse.jdt.ls\org.eclipse.jdt.ls.tests\projects\eclipse\gitfilter\src\demo\egit\internal\Base.java","3","3","This abstract class does not have any abstract methods","Best Practices","AbstractClassWithoutAbstractMethod"
"1","org.ref","C:\User\abhi\MetricsCK\eclipse_jdtls\eclipse.jdt.ls\org.eclipse.jdt.ls.tests\projects\eclipse\hello\src\org\ref\Apple.java","4","33","Unnecessary qualifier 'java.lang': 'Override' is already in scope because it is declared in java.lang","Code Style","UnnecessaryFullyQualifiedName"
"1","foo.bar","C:\User\abhi\MetricsCK\eclipse_jdtls\eclipse.jdt.ls\org.eclipse.jdt.ls.tests\projects\eclipse\hello\test\foo\bar\AbstractTest.java","3","3","This abstract class does not have any abstract methods","Best Practices","AbstractClassWithoutAbstractMethod"
"1","org.sample","C:\User\abhi\MetricsCK\eclipse_jdtls\eclipse.jdt.ls\org.eclipse.jdt.ls.tests\projects\maven\foldingRange\src\main\java\org\sample\StatementFoldingRange.java","3","15","Avoid empty catch blocks","Error Prone","EmptyCatchBlock"
"2","org.sample","C:\User\abhi\MetricsCK\eclipse_jdtls\eclipse.jdt.ls\org.eclipse.jdt.ls.tests\projects\maven\foldingRange\src\main\java\org\sample\StatementFoldingRange.java","3","45","Avoid empty catch blocks","Error Prone","EmptyCatchBlock"
"1","foo","C:\User\abhi\MetricsCK\eclipse_jdtls\eclipse.jdt.ls\org.eclipse.jdt.ls.tests\projects\maven\semantic-tokens\src\main\java\foo\Packages.java","4","12","Unnecessary qualifier 'java.lang': 'String' is already in scope because it is declared in java.lang","Code Style","UnnecessaryFullyQualifiedName"
"2","foo","C:\User\abhi\MetricsCK\eclipse_jdtls\eclipse.jdt.ls\org.eclipse.jdt.ls.tests\projects\maven\semantic-tokens\src\main\java\foo\Packages.java","4","12","Unnecessary qualifier 'java.lang': 'String' is already in scope because it is declared in java.lang","Code Style","UnnecessaryFullyQualifiedName"
"1","foo","C:\User\abhi\MetricsCK\eclipse_jdtls\eclipse.jdt.ls\org.eclipse.jdt.ls.tests\projects\maven\semantic-tokens\src\main\java\foo\Types.java","4","9","Unnecessary qualifier 'java.lang': 'String' is already in scope because it is declared in java.lang","Code Style","UnnecessaryFullyQualifiedName"
"1","org.eclipse.jdt.ls.core.internal","C:\User\abhi\MetricsCK\eclipse_jdtls\eclipse.jdt.ls\org.eclipse.jdt.ls.tests\src\org\eclipse\jdt\ls\core\internal\AbstractWorkspaceTest.java","3","25","This abstract class does not have any abstract methods","Best Practices","AbstractClassWithoutAbstractMethod"
"1","org.eclipse.jdt.ls.core.internal","C:\User\abhi\MetricsCK\eclipse_jdtls\eclipse.jdt.ls\org.eclipse.jdt.ls.tests\src\org\eclipse\jdt\ls\core\internal\BundleUtilsTest.java","3","428","Avoid empty catch blocks","Error Prone","EmptyCatchBlock"
"1","org.eclipse.jdt.ls.core.internal","C:\User\abhi\MetricsCK\eclipse_jdtls\eclipse.jdt.ls\org.eclipse.jdt.ls.tests\src\org\eclipse\jdt\ls\core\internal\WorkspaceHelper.java","3","160","Avoid empty catch blocks","Error Prone","EmptyCatchBlock"
"2","org.eclipse.jdt.ls.core.internal","C:\User\abhi\MetricsCK\eclipse_jdtls\eclipse.jdt.ls\org.eclipse.jdt.ls.tests\src\org\eclipse\jdt\ls\core\internal\WorkspaceHelper.java","3","244","Avoid empty catch blocks","Error Prone","EmptyCatchBlock"
"1","org.eclipse.jdt.ls.core.internal.contentassist","C:\User\abhi\MetricsCK\eclipse_jdtls\eclipse.jdt.ls\org.eclipse.jdt.ls.tests\src\org\eclipse\jdt\ls\core\internal\contentassist\SortTextHelperTest.java","3","57","Avoid empty catch blocks","Error Prone","EmptyCatchBlock"
"1","org.eclipse.jdt.ls.core.internal.correction","C:\User\abhi\MetricsCK\eclipse_jdtls\eclipse.jdt.ls\org.eclipse.jdt.ls.tests\src\org\eclipse\jdt\ls\core\internal\correction\AbstractQuickFixTest.java","3","140","Prefer StringBuilder (non-synchronized) or StringBuffer (synchronized) over += for concatenating strings","Performance","UseStringBufferForStringAppends"
"2","org.eclipse.jdt.ls.core.internal.correction","C:\User\abhi\MetricsCK\eclipse_jdtls\eclipse.jdt.ls\org.eclipse.jdt.ls.tests\src\org\eclipse\jdt\ls\core\internal\correction\AbstractQuickFixTest.java","3","141","Prefer StringBuilder (non-synchronized) or StringBuffer (synchronized) over += for concatenating strings","Performance","UseStringBufferForStringAppends"
"3","org.eclipse.jdt.ls.core.internal.correction","C:\User\abhi\MetricsCK\eclipse_jdtls\eclipse.jdt.ls\org.eclipse.jdt.ls.tests\src\org\eclipse\jdt\ls\core\internal\correction\AbstractQuickFixTest.java","3","143","Prefer StringBuilder (non-synchronized) or StringBuffer (synchronized) over += for concatenating strings","Performance","UseStringBufferForStringAppends"
"4","org.eclipse.jdt.ls.core.internal.correction","C:\User\abhi\MetricsCK\eclipse_jdtls\eclipse.jdt.ls\org.eclipse.jdt.ls.tests\src\org\eclipse\jdt\ls\core\internal\correction\AbstractQuickFixTest.java","3","148","Prefer StringBuilder (non-synchronized) or StringBuffer (synchronized) over += for concatenating strings","Performance","UseStringBufferForStringAppends"
"1","org.eclipse.jdt.ls.core.internal.handlers","C:\User\abhi\MetricsCK\eclipse_jdtls\eclipse.jdt.ls\org.eclipse.jdt.ls.tests\src\org\eclipse\jdt\ls\core\internal\handlers\CodeActionHandlerTest.java","4","195","Unnecessary qualifier 'CodeActionHandlerTest': 'commandExists' is already in scope","Code Style","UnnecessaryFullyQualifiedName"
"2","org.eclipse.jdt.ls.core.internal.handlers","C:\User\abhi\MetricsCK\eclipse_jdtls\eclipse.jdt.ls\org.eclipse.jdt.ls.tests\src\org\eclipse\jdt\ls\core\internal\handlers\CodeActionHandlerTest.java","4","200","Unnecessary qualifier 'CodeActionHandlerTest': 'findActions' is already in scope","Code Style","UnnecessaryFullyQualifiedName"
"3","org.eclipse.jdt.ls.core.internal.handlers","C:\User\abhi\MetricsCK\eclipse_jdtls\eclipse.jdt.ls\org.eclipse.jdt.ls.tests\src\org\eclipse\jdt\ls\core\internal\handlers\CodeActionHandlerTest.java","4","201","Unnecessary qualifier 'CodeActionHandlerTest': 'commandExists' is already in scope","Code Style","UnnecessaryFullyQualifiedName"
"4","org.eclipse.jdt.ls.core.internal.handlers","C:\User\abhi\MetricsCK\eclipse_jdtls\eclipse.jdt.ls\org.eclipse.jdt.ls.tests\src\org\eclipse\jdt\ls\core\internal\handlers\CodeActionHandlerTest.java","4","657","Unnecessary qualifier 'CodeActionHandlerTest': 'findActions' is already in scope","Code Style","UnnecessaryFullyQualifiedName"
"5","org.eclipse.jdt.ls.core.internal.handlers","C:\User\abhi\MetricsCK\eclipse_jdtls\eclipse.jdt.ls\org.eclipse.jdt.ls.tests\src\org\eclipse\jdt\ls\core\internal\handlers\CodeActionHandlerTest.java","4","658","Unnecessary qualifier 'CodeActionHandlerTest': 'getCommand' is already in scope","Code Style","UnnecessaryFullyQualifiedName"
"6","org.eclipse.jdt.ls.core.internal.handlers","C:\User\abhi\MetricsCK\eclipse_jdtls\eclipse.jdt.ls\org.eclipse.jdt.ls.tests\src\org\eclipse\jdt\ls\core\internal\handlers\CodeActionHandlerTest.java","4","674","Unnecessary qualifier 'CodeActionHandlerTest': 'findActions' is already in scope","Code Style","UnnecessaryFullyQualifiedName"
"7","org.eclipse.jdt.ls.core.internal.handlers","C:\User\abhi\MetricsCK\eclipse_jdtls\eclipse.jdt.ls\org.eclipse.jdt.ls.tests\src\org\eclipse\jdt\ls\core\internal\handlers\CodeActionHandlerTest.java","4","675","Unnecessary qualifier 'CodeActionHandlerTest': 'getCommand' is already in scope","Code Style","UnnecessaryFullyQualifiedName"
"8","org.eclipse.jdt.ls.core.internal.handlers","C:\User\abhi\MetricsCK\eclipse_jdtls\eclipse.jdt.ls\org.eclipse.jdt.ls.tests\src\org\eclipse\jdt\ls\core\internal\handlers\CodeActionHandlerTest.java","4","676","Unnecessary qualifier 'CodeActionHandlerTest': 'getCommand' is already in scope","Code Style","UnnecessaryFullyQualifiedName"
"9","org.eclipse.jdt.ls.core.internal.handlers","C:\User\abhi\MetricsCK\eclipse_jdtls\eclipse.jdt.ls\org.eclipse.jdt.ls.tests\src\org\eclipse\jdt\ls\core\internal\handlers\CodeActionHandlerTest.java","4","677","Unnecessary qualifier 'CodeActionHandlerTest': 'getCommand' is already in scope","Code Style","UnnecessaryFullyQualifiedName"
"10","org.eclipse.jdt.ls.core.internal.handlers","C:\User\abhi\MetricsCK\eclipse_jdtls\eclipse.jdt.ls\org.eclipse.jdt.ls.tests\src\org\eclipse\jdt\ls\core\internal\handlers\CodeActionHandlerTest.java","4","678","Unnecessary qualifier 'CodeActionHandlerTest': 'getCommand' is already in scope","Code Style","UnnecessaryFullyQualifiedName"
"11","org.eclipse.jdt.ls.core.internal.handlers","C:\User\abhi\MetricsCK\eclipse_jdtls\eclipse.jdt.ls\org.eclipse.jdt.ls.tests\src\org\eclipse\jdt\ls\core\internal\handlers\CodeActionHandlerTest.java","4","694","Unnecessary qualifier 'CodeActionHandlerTest': 'findActions' is already in scope","Code Style","UnnecessaryFullyQualifiedName"
"12","org.eclipse.jdt.ls.core.internal.handlers","C:\User\abhi\MetricsCK\eclipse_jdtls\eclipse.jdt.ls\org.eclipse.jdt.ls.tests\src\org\eclipse\jdt\ls\core\internal\handlers\CodeActionHandlerTest.java","4","695","Unnecessary qualifier 'CodeActionHandlerTest': 'getCommand' is already in scope","Code Style","UnnecessaryFullyQualifiedName"
"13","org.eclipse.jdt.ls.core.internal.handlers","C:\User\abhi\MetricsCK\eclipse_jdtls\eclipse.jdt.ls\org.eclipse.jdt.ls.tests\src\org\eclipse\jdt\ls\core\internal\handlers\CodeActionHandlerTest.java","4","696","Unnecessary qualifier 'CodeActionHandlerTest': 'getCommand' is already in scope","Code Style","UnnecessaryFullyQualifiedName"
"14","org.eclipse.jdt.ls.core.internal.handlers","C:\User\abhi\MetricsCK\eclipse_jdtls\eclipse.jdt.ls\org.eclipse.jdt.ls.tests\src\org\eclipse\jdt\ls\core\internal\handlers\CodeActionHandlerTest.java","4","697","Unnecessary qualifier 'CodeActionHandlerTest': 'getCommand' is already in scope","Code Style","UnnecessaryFullyQualifiedName"
"15","org.eclipse.jdt.ls.core.internal.handlers","C:\User\abhi\MetricsCK\eclipse_jdtls\eclipse.jdt.ls\org.eclipse.jdt.ls.tests\src\org\eclipse\jdt\ls\core\internal\handlers\CodeActionHandlerTest.java","4","698","Unnecessary qualifier 'CodeActionHandlerTest': 'getCommand' is already in scope","Code Style","UnnecessaryFullyQualifiedName"
"16","org.eclipse.jdt.ls.core.internal.handlers","C:\User\abhi\MetricsCK\eclipse_jdtls\eclipse.jdt.ls\org.eclipse.jdt.ls.tests\src\org\eclipse\jdt\ls\core\internal\handlers\CodeActionHandlerTest.java","4","699","Unnecessary qualifier 'CodeActionHandlerTest': 'getCommand' is already in scope","Code Style","UnnecessaryFullyQualifiedName"
"17","org.eclipse.jdt.ls.core.internal.handlers","C:\User\abhi\MetricsCK\eclipse_jdtls\eclipse.jdt.ls\org.eclipse.jdt.ls.tests\src\org\eclipse\jdt\ls\core\internal\handlers\CodeActionHandlerTest.java","4","700","Unnecessary qualifier 'CodeActionHandlerTest': 'getCommand' is already in scope","Code Style","UnnecessaryFullyQualifiedName"
"18","org.eclipse.jdt.ls.core.internal.handlers","C:\User\abhi\MetricsCK\eclipse_jdtls\eclipse.jdt.ls\org.eclipse.jdt.ls.tests\src\org\eclipse\jdt\ls\core\internal\handlers\CodeActionHandlerTest.java","4","701","Unnecessary qualifier 'CodeActionHandlerTest': 'getCommand' is already in scope","Code Style","UnnecessaryFullyQualifiedName"
"1","org.eclipse.jdt.ls.core.internal.handlers","C:\User\abhi\MetricsCK\eclipse_jdtls\eclipse.jdt.ls\org.eclipse.jdt.ls.tests\src\org\eclipse\jdt\ls\core\internal\handlers\DocumentLifeCycleHandlerTest.java","3","985","Prefer StringBuilder (non-synchronized) or StringBuffer (synchronized) over += for concatenating strings","Performance","UseStringBufferForStringAppends"
"1","org.eclipse.jdt.ls.core.internal.handlers","C:\User\abhi\MetricsCK\eclipse_jdtls\eclipse.jdt.ls\org.eclipse.jdt.ls.tests\src\org\eclipse\jdt\ls\core\internal\handlers\DocumentSymbolHandlerTest.java","4","113","Unnecessary qualifier 'Collectors': 'toList' is already in scope","Code Style","UnnecessaryFullyQualifiedName"
"2","org.eclipse.jdt.ls.core.internal.handlers","C:\User\abhi\MetricsCK\eclipse_jdtls\eclipse.jdt.ls\org.eclipse.jdt.ls.tests\src\org\eclipse\jdt\ls\core\internal\handlers\DocumentSymbolHandlerTest.java","4","177","Unnecessary qualifier 'Collectors': 'toList' is already in scope","Code Style","UnnecessaryFullyQualifiedName"
"1","org.eclipse.jdt.ls.core.internal.javadoc","C:\User\abhi\MetricsCK\eclipse_jdtls\eclipse.jdt.ls\org.eclipse.jdt.ls.tests\src\org\eclipse\jdt\ls\core\internal\javadoc\AbstractJavadocConverterTest.java","3","17","This abstract class does not have any abstract methods","Best Practices","AbstractClassWithoutAbstractMethod"
"1","org.eclipse.jdt.ls.core.internal.managers","C:\User\abhi\MetricsCK\eclipse_jdtls\eclipse.jdt.ls\org.eclipse.jdt.ls.tests\src\org\eclipse\jdt\ls\core\internal\managers\AbstractProjectsManagerBasedTest.java","3","94","This abstract class does not have any abstract methods","Best Practices","AbstractClassWithoutAbstractMethod"
"2","org.eclipse.jdt.ls.core.internal.managers","C:\User\abhi\MetricsCK\eclipse_jdtls\eclipse.jdt.ls\org.eclipse.jdt.ls.tests\src\org\eclipse\jdt\ls\core\internal\managers\AbstractProjectsManagerBasedTest.java","4","98","Unnecessary qualifier 'java.lang': 'String' is already in scope because it is declared in java.lang","Code Style","UnnecessaryFullyQualifiedName"
"3","org.eclipse.jdt.ls.core.internal.managers","C:\User\abhi\MetricsCK\eclipse_jdtls\eclipse.jdt.ls\org.eclipse.jdt.ls.tests\src\org\eclipse\jdt\ls\core\internal\managers\AbstractProjectsManagerBasedTest.java","3","347","Avoid empty catch blocks","Error Prone","EmptyCatchBlock"
"1","org.eclipse.jdt.ls.core.internal.managers","C:\User\abhi\MetricsCK\eclipse_jdtls\eclipse.jdt.ls\org.eclipse.jdt.ls.tests\src\org\eclipse\jdt\ls\core\internal\managers\ProjectsManagerTest.java","4","116","Unnecessary qualifier 'java.io': 'File' is already in scope because it is imported in this file","Code Style","UnnecessaryFullyQualifiedName"
"2","org.eclipse.jdt.ls.core.internal.managers","C:\User\abhi\MetricsCK\eclipse_jdtls\eclipse.jdt.ls\org.eclipse.jdt.ls.tests\src\org\eclipse\jdt\ls\core\internal\managers\ProjectsManagerTest.java","4","116","Unnecessary qualifier 'java.io': 'File' is already in scope because it is imported in this file","Code Style","UnnecessaryFullyQualifiedName"
